row	system	input_id
0	1A22_A_B	1A22_CA171A
1	1A22_A_B	1A22_CB67A
2	1A22_A_B	1A22_CB81A
3	1A22_A_B	1A22_DA11A__MA14V__HA18Q__RA19H__FA25A__QA29K__EA33R
4	1A22_A_B	1A22_DA160A
5	1A22_A_B	1A22_DA26A
6	1A22_A_B	1A22_DB107A__RB111A__EB113A
7	1A22_A_B	1A22_DB119A
8	1A22_A_B	1A22_DB160A
9	1A22_A_B	1A22_DB78A__EB79A__KB80A
10	1A22_A_B	1A22_DB85A
11	1A22_A_B	1A22_DB91A
12	1A22_A_B	1A22_EA163A
13	1A22_A_B	1A22_EA175A
14	1A22_A_B	1A22_EA56A
15	1A22_A_B	1A22_EA56D__RA64M
16	1A22_A_B	1A22_EA65A
17	1A22_A_B	1A22_EA66A
18	1A22_A_B	1A22_EA88G__QA91Y__FA92H__RA94T__SA95E
19	1A22_A_B	1A22_EB10A
20	1A22_A_B	1A22_EB128A
21	1A22_A_B	1A22_EB12A
22	1A22_A_B	1A22_EB130A
23	1A22_A_B	1A22_EB135A
24	1A22_A_B	1A22_EB138A__KB140A__KB142A__DB145A
25	1A22_A_B	1A22_EB162A
26	1A22_A_B	1A22_EB164A
27	1A22_A_B	1A22_EB179A
28	1A22_A_B	1A22_EB34A
29	1A22_A_B	1A22_EB38A
30	1A22_A_B	1A22_EB41A
31	1A22_A_B	1A22_EB50A
32	1A22_A_B	1A22_EB79A
33	1A22_A_B	1A22_EB79A__KB80A
34	1A22_A_B	1A22_EB86A
35	1A22_A_B	1A22_FA10A
36	1A22_A_B	1A22_FA165A
37	1A22_A_B	1A22_FA165Y
38	1A22_A_B	1A22_FA180A
39	1A22_A_B	1A22_FA25A
40	1A22_A_B	1A22_FA25A__YA42A__QA46A
41	1A22_A_B	1A22_FA54A
42	1A22_A_B	1A22_FA54H__SA55T__EA56S__IA58L__PA59A__SA62E__NA63D__RA64K__EA66Q__TA67A__KA70M__SA71N__NA72Q__LA73K__EA74D
43	1A22_A_B	1A22_FA97R__AA98G__NA99M__SA100Q__LA101D__VA102A__YA103P__GA104E
44	1A22_A_B	1A22_FB55S
45	1A22_A_B	1A22_FB59A
46	1A22_A_B	1A22_GA176A
47	1A22_A_B	1A22_HA18A
48	1A22_A_B	1A22_HA21A
49	1A22_A_B	1A22_IA168A
50	1A22_A_B	1A22_IA4A
51	1A22_A_B	1A22_IA58A
52	1A22_A_B	1A22_IA58L
53	1A22_A_B	1A22_IB120A
54	1A22_A_B	1A22_IB62A
55	1A22_A_B	1A22_IB64A
56	1A22_A_B	1A22_IB87A
57	1A22_A_B	1A22_KA157A
58	1A22_A_B	1A22_KA157A__EA163A
59	1A22_A_B	1A22_KA161A
60	1A22_A_B	1A22_KA161A__FA165A
61	1A22_A_B	1A22_KA70A
62	1A22_A_B	1A22_KB122A
63	1A22_A_B	1A22_KB134A
64	1A22_A_B	1A22_KB158A
65	1A22_A_B	1A22_KB158A__DB160A__KB161A__EB162A__EB164A
66	1A22_A_B	1A22_KB161A
67	1A22_A_B	1A22_KB170A
68	1A22_A_B	1A22_KB2A__KB5A
69	1A22_A_B	1A22_KB40A
70	1A22_A_B	1A22_KB69A
71	1A22_A_B	1A22_KB80A
72	1A22_A_B	1A22_LA15A
73	1A22_A_B	1A22_LA45A
74	1A22_A_B	1A22_LA6A
75	1A22_A_B	1A22_LA73A
76	1A22_A_B	1A22_LA9A
77	1A22_A_B	1A22_MA14A
78	1A22_A_B	1A22_NA109D__VA110D__DA112H
79	1A22_A_B	1A22_NA12A
80	1A22_A_B	1A22_NA12H__FA25L
81	1A22_A_B	1A22_NA12R__MA14V__LA15V__RA16L__RA19Y
82	1A22_A_B	1A22_NA12R__MA14V__LA15V__RA16L__RA19Y__FA25S__DA26E__QA29S__EA30Q__EA33K
83	1A22_A_B	1A22_NA63A
84	1A22_A_B	1A22_NB173A
85	1A22_A_B	1A22_NB31A
86	1A22_A_B	1A22_NB31A__TB32A__QB33A__EB34A
87	1A22_A_B	1A22_NB31A__TB32A__QB33A__EB34A__WB35A__WB39A
88	1A22_A_B	1A22_NB56A
89	1A22_A_B	1A22_PA2A
90	1A22_A_B	1A22_PA48A
91	1A22_A_B	1A22_PA48A__TA50A__SA51A__LA52F
92	1A22_A_B	1A22_PA59A
93	1A22_A_B	1A22_PA5A
94	1A22_A_B	1A22_PA61A
95	1A22_A_B	1A22_PB65A
96	1A22_A_B	1A22_PB9A
97	1A22_A_B	1A22_QA170A
98	1A22_A_B	1A22_QA22A
99	1A22_A_B	1A22_QA22N__FA25S__DA26E__QA29S__EA30Q__EA33K
100	1A22_A_B	1A22_QA29A
101	1A22_A_B	1A22_QA46A
102	1A22_A_B	1A22_QA46H__NA47D__PA48S__QA49E__LA52F
103	1A22_A_B	1A22_QA68A
104	1A22_A_B	1A22_QA69A
105	1A22_A_B	1A22_QB121A
106	1A22_A_B	1A22_QB121A__KB122A__VB126A
107	1A22_A_B	1A22_QB171A
108	1A22_A_B	1A22_QB171A__RB172A__NB173A
109	1A22_A_B	1A22_QB33A
110	1A22_A_B	1A22_QB37A
111	1A22_A_B	1A22_QB89A
112	1A22_A_B	1A22_RA127D__LA128V__EA129H
113	1A22_A_B	1A22_RA156A
114	1A22_A_B	1A22_RA156K__DA160H__IA168V__QA170K
115	1A22_A_B	1A22_RA167A
116	1A22_A_B	1A22_RA167K
117	1A22_A_B	1A22_RA167N
118	1A22_A_B	1A22_RA16A
119	1A22_A_B	1A22_RA172A
120	1A22_A_B	1A22_RA19A
121	1A22_A_B	1A22_RA64A
122	1A22_A_B	1A22_RA64A__DA160A
123	1A22_A_B	1A22_RA64K
124	1A22_A_B	1A22_RA8A
125	1A22_A_B	1A22_RB116A__DB119A__KB122A
126	1A22_A_B	1A22_RB11A
127	1A22_A_B	1A22_RB11L
128	1A22_A_B	1A22_RB11M
129	1A22_A_B	1A22_RB166A
130	1A22_A_B	1A22_RB168A
131	1A22_A_B	1A22_RB172A
132	1A22_A_B	1A22_RB172A__NB173A
133	1A22_A_B	1A22_RB29A
134	1A22_A_B	1A22_RB29A__RB30A__EB34A
135	1A22_A_B	1A22_RB30A
136	1A22_A_B	1A22_RB7A
137	1A22_A_B	1A22_SA173A
138	1A22_A_B	1A22_SA177A
139	1A22_A_B	1A22_SA51A
140	1A22_A_B	1A22_SA55A
141	1A22_A_B	1A22_SA57A
142	1A22_A_B	1A22_SA57T__TA60A__SA62T__NA63G__RA64K__EA65D__TA67A__KA70R__NA72D__LA73V
143	1A22_A_B	1A22_SA62A
144	1A22_A_B	1A22_SA71A
145	1A22_A_B	1A22_SA7A
146	1A22_A_B	1A22_SB15A
147	1A22_A_B	1A22_SB174A
148	1A22_A_B	1A22_SB57A
149	1A22_A_B	1A22_SB57A__SB61A
150	1A22_A_B	1A22_SB57A__SB61A__EB79A__KB80A
151	1A22_A_B	1A22_SB57A__SB61A__EB79A__KB80A__QB121A__KB122A__VB126A
152	1A22_A_B	1A22_SB58A
153	1A22_A_B	1A22_SB61A
154	1A22_A_B	1A22_SB83A
155	1A22_A_B	1A22_TA164A
156	1A22_A_B	1A22_TA164S
157	1A22_A_B	1A22_TA3A
158	1A22_A_B	1A22_TB149A
159	1A22_A_B	1A22_TB150A
160	1A22_A_B	1A22_TB19A
161	1A22_A_B	1A22_TB32A
162	1A22_A_B	1A22_TB36A
163	1A22_A_B	1A22_TB60A
164	1A22_A_B	1A22_VA169A
165	1A22_A_B	1A22_VA174A
166	1A22_A_B	1A22_VB126A
167	1A22_A_B	1A22_VB84A
168	1A22_A_B	1A22_VB88A
169	1A22_A_B	1A22_WB124A
170	1A22_A_B	1A22_WB35A
171	1A22_A_B	1A22_WB39A
172	1A22_A_B	1A22_WB63A
173	1A22_A_B	1A22_WB63F
174	1A22_A_B	1A22_WT
175	1A22_A_B	1A22_YA111V__LA113I__KA115E__DA116Q__EA118K__EA119R__QA122E__TA123G__GA126L__RA127I__EA129S
176	1A22_A_B	1A22_YA153A
177	1A22_A_B	1A22_YA42A
178	1A22_A_B	1A22_YA42A__QA46A
179	1A22_A_B	1A22_YB54A
180	1AO7_ABC_DE	1AO7_AA149G
181	1AO7_ABC_DE	1AO7_AA150G
182	1AO7_ABC_DE	1AO7_AA150P
183	1AO7_ABC_DE	1AO7_AA158G
184	1AO7_ABC_DE	1AO7_AA69G
185	1AO7_ABC_DE	1AO7_AA69G__WD95A
186	1AO7_ABC_DE	1AO7_AE50P
187	1AO7_ABC_DE	1AO7_AE96K
188	1AO7_ABC_DE	1AO7_AE96M
189	1AO7_ABC_DE	1AO7_AE96M__GE97S
190	1AO7_ABC_DE	1AO7_AE96M__GE97S__GE98A
191	1AO7_ABC_DE	1AO7_AE96M__GE97S__GE98A__RE99E
192	1AO7_ABC_DE	1AO7_AE96M__GE97S__GE98A__RE99Q
193	1AO7_ABC_DE	1AO7_DA61A
194	1AO7_ABC_DE	1AO7_DD26A
195	1AO7_ABC_DE	1AO7_DD26M
196	1AO7_ABC_DE	1AO7_DD26P
197	1AO7_ABC_DE	1AO7_DD26V
198	1AO7_ABC_DE	1AO7_DD26W
199	1AO7_ABC_DE	1AO7_DD26W__AE96M__GE97S__GE98A__RE99Q
200	1AO7_ABC_DE	1AO7_DD26W__GD28M__SD51M__SD94T
201	1AO7_ABC_DE	1AO7_DD26W__GD28T__SD51M__SD94T
202	1AO7_ABC_DE	1AO7_DD26W__RD27F__GD28T__SD51M__SD94T
203	1AO7_ABC_DE	1AO7_DD26W__RD27F__GD28T__SD51M__SD94T__KD97P__AE50P__RE99P
204	1AO7_ABC_DE	1AO7_DD26W__RD27F__GD28T__SD51M__SD94T__RE99P
205	1AO7_ABC_DE	1AO7_DD26W__RD27F__SD51M__AE96M__GE97S__GE98A__RE99Q
206	1AO7_ABC_DE	1AO7_DD26W__RD27F__SD51M__SD94T
207	1AO7_ABC_DE	1AO7_DD26W__RD27F__SD51M__SD94T__AE96M__GE97S__GE98A__RE99Q
208	1AO7_ABC_DE	1AO7_DD93A
209	1AO7_ABC_DE	1AO7_DD93N
210	1AO7_ABC_DE	1AO7_EA154A
211	1AO7_ABC_DE	1AO7_EA166A
212	1AO7_ABC_DE	1AO7_EA166A__KD66A
213	1AO7_ABC_DE	1AO7_EA166A__ND52A
214	1AO7_ABC_DE	1AO7_EA55A
215	1AO7_ABC_DE	1AO7_EA58A
216	1AO7_ABC_DE	1AO7_EA58A__DD26A
217	1AO7_ABC_DE	1AO7_EA63A
218	1AO7_ABC_DE	1AO7_EA63Q__KA66A
219	1AO7_ABC_DE	1AO7_EA63Q__KA66A__QD30V
220	1AO7_ABC_DE	1AO7_EA63Q__QD30V
221	1AO7_ABC_DE	1AO7_EE28A
222	1AO7_ABC_DE	1AO7_GD28A
223	1AO7_ABC_DE	1AO7_GD28I
224	1AO7_ABC_DE	1AO7_GD28I__SD94A
225	1AO7_ABC_DE	1AO7_GD28I__SD94T
226	1AO7_ABC_DE	1AO7_GD28L
227	1AO7_ABC_DE	1AO7_GD28L__SD94A
228	1AO7_ABC_DE	1AO7_GD28L__SD94T
229	1AO7_ABC_DE	1AO7_GD28M
230	1AO7_ABC_DE	1AO7_GD28M__SD51M__SD94T
231	1AO7_ABC_DE	1AO7_GD28M__SD94A
232	1AO7_ABC_DE	1AO7_GD28M__SD94T
233	1AO7_ABC_DE	1AO7_GD28P
234	1AO7_ABC_DE	1AO7_GD28R
235	1AO7_ABC_DE	1AO7_GD28T
236	1AO7_ABC_DE	1AO7_GD28T__AE96M__GE97S__GE98A
237	1AO7_ABC_DE	1AO7_GD28T__AE96M__GE97S__GE98A__RE99Q
238	1AO7_ABC_DE	1AO7_GD28T__SD51M__SD94T
239	1AO7_ABC_DE	1AO7_GD28V
240	1AO7_ABC_DE	1AO7_GD96P
241	1AO7_ABC_DE	1AO7_GE97S
242	1AO7_ABC_DE	1AO7_GE97S__GE98A__RE99E
243	1AO7_ABC_DE	1AO7_GE98A
244	1AO7_ABC_DE	1AO7_GE98A__RE99Q
245	1AO7_ABC_DE	1AO7_GE98P
246	1AO7_ABC_DE	1AO7_HA151A
247	1AO7_ABC_DE	1AO7_HA70A
248	1AO7_ABC_DE	1AO7_HA74A
249	1AO7_ABC_DE	1AO7_HE27P
250	1AO7_ABC_DE	1AO7_IE52R
251	1AO7_ABC_DE	1AO7_KA146A
252	1AO7_ABC_DE	1AO7_KA66A
253	1AO7_ABC_DE	1AO7_KA68A
254	1AO7_ABC_DE	1AO7_KD66A
255	1AO7_ABC_DE	1AO7_KD66H
256	1AO7_ABC_DE	1AO7_KD97P
257	1AO7_ABC_DE	1AO7_KD97P__AE50P__RE99P
258	1AO7_ABC_DE	1AO7_KD97P__RE99P
259	1AO7_ABC_DE	1AO7_LC1A
260	1AO7_ABC_DE	1AO7_LC1A__QD30L
261	1AO7_ABC_DE	1AO7_LC1A__QD30V
262	1AO7_ABC_DE	1AO7_LD98P
263	1AO7_ABC_DE	1AO7_ND52A
264	1AO7_ABC_DE	1AO7_ND52P
265	1AO7_ABC_DE	1AO7_PC6A
266	1AO7_ABC_DE	1AO7_PE100A
267	1AO7_ABC_DE	1AO7_QA155A
268	1AO7_ABC_DE	1AO7_QA155A__PE100A
269	1AO7_ABC_DE	1AO7_QA155A__YD50A
270	1AO7_ABC_DE	1AO7_QA43A
271	1AO7_ABC_DE	1AO7_QA72A
272	1AO7_ABC_DE	1AO7_QA72A__DD93A
273	1AO7_ABC_DE	1AO7_QD30E
274	1AO7_ABC_DE	1AO7_QD30L
275	1AO7_ABC_DE	1AO7_QD30N
276	1AO7_ABC_DE	1AO7_QD30V
277	1AO7_ABC_DE	1AO7_RA170A
278	1AO7_ABC_DE	1AO7_RA170A__RD27A
279	1AO7_ABC_DE	1AO7_RA65A
280	1AO7_ABC_DE	1AO7_RA65A__DD93N
281	1AO7_ABC_DE	1AO7_RA65A__TD92A
282	1AO7_ABC_DE	1AO7_RA75A
283	1AO7_ABC_DE	1AO7_RD27A
284	1AO7_ABC_DE	1AO7_RD27F
285	1AO7_ABC_DE	1AO7_RD27F__GD28M__SD51M__SD94T
286	1AO7_ABC_DE	1AO7_RD27F__GD28T__SD51M__SD94T
287	1AO7_ABC_DE	1AO7_RD27P
288	1AO7_ABC_DE	1AO7_RE92A
289	1AO7_ABC_DE	1AO7_RE99A
290	1AO7_ABC_DE	1AO7_RE99P
291	1AO7_ABC_DE	1AO7_RE99Q
292	1AO7_ABC_DE	1AO7_SD29A
293	1AO7_ABC_DE	1AO7_SD29P
294	1AO7_ABC_DE	1AO7_SD31A
295	1AO7_ABC_DE	1AO7_SD51M
296	1AO7_ABC_DE	1AO7_SD94A
297	1AO7_ABC_DE	1AO7_SD94N
298	1AO7_ABC_DE	1AO7_SD94T
299	1AO7_ABC_DE	1AO7_SD94Y
300	1AO7_ABC_DE	1AO7_TA163A
301	1AO7_ABC_DE	1AO7_TA163A__KD66A
302	1AO7_ABC_DE	1AO7_TA64A
303	1AO7_ABC_DE	1AO7_TA73A
304	1AO7_ABC_DE	1AO7_TA80A
305	1AO7_ABC_DE	1AO7_TD91A
306	1AO7_ABC_DE	1AO7_TD92A
307	1AO7_ABC_DE	1AO7_VA152A
308	1AO7_ABC_DE	1AO7_VA67A
309	1AO7_ABC_DE	1AO7_VA76A
310	1AO7_ABC_DE	1AO7_VC7R
311	1AO7_ABC_DE	1AO7_VC7R__DD26W__RD27F__SD51M__SD94T
312	1AO7_ABC_DE	1AO7_VE48P
313	1AO7_ABC_DE	1AO7_WA167A
314	1AO7_ABC_DE	1AO7_WD95A
315	1AO7_ABC_DE	1AO7_WT
316	1AO7_ABC_DE	1AO7_YA159A
317	1AO7_ABC_DE	1AO7_YA159A__QD30V
318	1AO7_ABC_DE	1AO7_YC5A
319	1AO7_ABC_DE	1AO7_YC5A__PE100A
320	1AO7_ABC_DE	1AO7_YC5A__RE92A
321	1AO7_ABC_DE	1AO7_YC5A__RE99A
322	1AO7_ABC_DE	1AO7_YC5A__SD31A
323	1AO7_ABC_DE	1AO7_YC5A__SD94A
324	1AO7_ABC_DE	1AO7_YC5A__TD91A
325	1AO7_ABC_DE	1AO7_YC5F
326	1AO7_ABC_DE	1AO7_YC5F__RE92A
327	1AO7_ABC_DE	1AO7_YC5F__SD31A
328	1AO7_ABC_DE	1AO7_YC5W
329	1AO7_ABC_DE	1AO7_YC8A
330	1AO7_ABC_DE	1AO7_YC8A__EE28A
331	1AO7_ABC_DE	1AO7_YD50A
332	1BRS_A_D	1BRS_DA52A
333	1BRS_A_D	1BRS_DD35A
334	1BRS_A_D	1BRS_DD39A
335	1BRS_A_D	1BRS_EA58A
336	1BRS_A_D	1BRS_EA71A
337	1BRS_A_D	1BRS_EA71A__DD35A
338	1BRS_A_D	1BRS_EA71A__DD39A
339	1BRS_A_D	1BRS_EA71C
340	1BRS_A_D	1BRS_EA71F
341	1BRS_A_D	1BRS_EA71F__DD35A
342	1BRS_A_D	1BRS_EA71F__DD39A
343	1BRS_A_D	1BRS_EA71Q
344	1BRS_A_D	1BRS_EA71Q__DD39A
345	1BRS_A_D	1BRS_EA71Q__ED74A
346	1BRS_A_D	1BRS_EA71S
347	1BRS_A_D	1BRS_EA71W
348	1BRS_A_D	1BRS_EA71W__DD35A
349	1BRS_A_D	1BRS_EA71W__DD39A
350	1BRS_A_D	1BRS_EA71W__ED74A
351	1BRS_A_D	1BRS_EA71Y
352	1BRS_A_D	1BRS_ED74A
353	1BRS_A_D	1BRS_ED78A
354	1BRS_A_D	1BRS_HA100A
355	1BRS_A_D	1BRS_HA100A__DD39A
356	1BRS_A_D	1BRS_HA100A__ED74A
357	1BRS_A_D	1BRS_HA100A__ED78A
358	1BRS_A_D	1BRS_HA100A__TD42A
359	1BRS_A_D	1BRS_HA100A__WD38F
360	1BRS_A_D	1BRS_HA100A__YD29A
361	1BRS_A_D	1BRS_HA100A__YD29F
362	1BRS_A_D	1BRS_HA100D
363	1BRS_A_D	1BRS_HA100G
364	1BRS_A_D	1BRS_HA100L
365	1BRS_A_D	1BRS_HA100Q
366	1BRS_A_D	1BRS_KA25A
367	1BRS_A_D	1BRS_KA25A__DD35A
368	1BRS_A_D	1BRS_KA25A__DD39A
369	1BRS_A_D	1BRS_KA25A__ED74A
370	1BRS_A_D	1BRS_KA25A__ED78A
371	1BRS_A_D	1BRS_KA25A__TD42A
372	1BRS_A_D	1BRS_KA25A__WD38F
373	1BRS_A_D	1BRS_KA25A__YD29A
374	1BRS_A_D	1BRS_NA56A
375	1BRS_A_D	1BRS_RA57A
376	1BRS_A_D	1BRS_RA57A__DD35A
377	1BRS_A_D	1BRS_RA57A__DD39A
378	1BRS_A_D	1BRS_RA57A__ED74A
379	1BRS_A_D	1BRS_RA57A__ED78A
380	1BRS_A_D	1BRS_RA57A__HA100Q
381	1BRS_A_D	1BRS_RA57A__TD42A
382	1BRS_A_D	1BRS_RA57A__WD38F
383	1BRS_A_D	1BRS_RA57A__YD29A
384	1BRS_A_D	1BRS_RA57K
385	1BRS_A_D	1BRS_RA57K__HA100Q
386	1BRS_A_D	1BRS_RA81Q
387	1BRS_A_D	1BRS_RA81Q__DD35A
388	1BRS_A_D	1BRS_RA81Q__DD39A
389	1BRS_A_D	1BRS_RA81Q__ED74A
390	1BRS_A_D	1BRS_RA81Q__ED78A
391	1BRS_A_D	1BRS_RA81Q__TD42A
392	1BRS_A_D	1BRS_RA81Q__WD38F
393	1BRS_A_D	1BRS_RA81Q__YD29A
394	1BRS_A_D	1BRS_RA85A
395	1BRS_A_D	1BRS_RA85A__DD39A
396	1BRS_A_D	1BRS_RA85A__ED74A
397	1BRS_A_D	1BRS_RA85A__ED78A
398	1BRS_A_D	1BRS_RA85A__TD42A
399	1BRS_A_D	1BRS_RA85A__WD38F
400	1BRS_A_D	1BRS_RA85A__YD29A
401	1BRS_A_D	1BRS_TD42A
402	1BRS_A_D	1BRS_WA33F
403	1BRS_A_D	1BRS_WD38F
404	1BRS_A_D	1BRS_WD44F
405	1BRS_A_D	1BRS_WT
406	1BRS_A_D	1BRS_YD29A
407	1BRS_A_D	1BRS_YD29F
408	1CHO_EFG_I	1CHO_AI12C
409	1CHO_EFG_I	1CHO_AI12D
410	1CHO_EFG_I	1CHO_AI12D__GI29A
411	1CHO_EFG_I	1CHO_AI12D__GI29A__NI30S
412	1CHO_EFG_I	1CHO_AI12D__LI15A
413	1CHO_EFG_I	1CHO_AI12D__LI15A__YI17D
414	1CHO_EFG_I	1CHO_AI12E
415	1CHO_EFG_I	1CHO_AI12F
416	1CHO_EFG_I	1CHO_AI12G
417	1CHO_EFG_I	1CHO_AI12G__LI15M__LI20V__KI26I__EI40K
418	1CHO_EFG_I	1CHO_AI12G__TI14M__LI15M__YI17R__RI18L__GI29N__NI30D__SI48N__KI52E
419	1CHO_EFG_I	1CHO_AI12H
420	1CHO_EFG_I	1CHO_AI12I
421	1CHO_EFG_I	1CHO_AI12K
422	1CHO_EFG_I	1CHO_AI12L
423	1CHO_EFG_I	1CHO_AI12M
424	1CHO_EFG_I	1CHO_AI12N
425	1CHO_EFG_I	1CHO_AI12P
426	1CHO_EFG_I	1CHO_AI12Q
427	1CHO_EFG_I	1CHO_AI12R
428	1CHO_EFG_I	1CHO_AI12R__LI15R
429	1CHO_EFG_I	1CHO_AI12R__TI14K__LI15R
430	1CHO_EFG_I	1CHO_AI12R__TI14K__LI15R__EI16S
431	1CHO_EFG_I	1CHO_AI12R__TI14P__LI15R
432	1CHO_EFG_I	1CHO_AI12S
433	1CHO_EFG_I	1CHO_AI12T
434	1CHO_EFG_I	1CHO_AI12T__LI15M
435	1CHO_EFG_I	1CHO_AI12V
436	1CHO_EFG_I	1CHO_AI12V__TI14S
437	1CHO_EFG_I	1CHO_AI12V__TI14S__RI18M__NI25S__KI26Q__GI29S__KI31E__EI40D
438	1CHO_EFG_I	1CHO_AI12W
439	1CHO_EFG_I	1CHO_AI12Y
440	1CHO_EFG_I	1CHO_DI4N__EI7D__AI12V__TI14S__EI16L__RI18M__VI39A__EI40D
441	1CHO_EFG_I	1CHO_DI4N__EI7G__LI15M__RI18M__EI40D__KI52E
442	1CHO_EFG_I	1CHO_EI16A
443	1CHO_EFG_I	1CHO_EI16C
444	1CHO_EFG_I	1CHO_EI16D
445	1CHO_EFG_I	1CHO_EI16F
446	1CHO_EFG_I	1CHO_EI16G
447	1CHO_EFG_I	1CHO_EI16H
448	1CHO_EFG_I	1CHO_EI16I
449	1CHO_EFG_I	1CHO_EI16K
450	1CHO_EFG_I	1CHO_EI16L
451	1CHO_EFG_I	1CHO_EI16M
452	1CHO_EFG_I	1CHO_EI16N
453	1CHO_EFG_I	1CHO_EI16P
454	1CHO_EFG_I	1CHO_EI16Q
455	1CHO_EFG_I	1CHO_EI16R
456	1CHO_EFG_I	1CHO_EI16S
457	1CHO_EFG_I	1CHO_EI16T
458	1CHO_EFG_I	1CHO_EI16V
459	1CHO_EFG_I	1CHO_EI16W
460	1CHO_EFG_I	1CHO_EI16Y
461	1CHO_EFG_I	1CHO_EI7D__AI12V__EI16D__RI18M__GI29S__EI40D__LI45I__KI52R
462	1CHO_EFG_I	1CHO_EI7D__AI12V__EI16D__RI18M__KI26T__GI29S__EI40D__LI45I
463	1CHO_EFG_I	1CHO_EI7D__AI12V__TI14P__EI16D__RI18M__NI25S__GI29S__NI42S__SI48R
464	1CHO_EFG_I	1CHO_EI7D__AI12V__TI14S__EI16D__RI18M__KI26T__GI29N__NI33I__EI40D__LI45I
465	1CHO_EFG_I	1CHO_EI7D__AI12V__TI14S__RI18M__NI25S__GI29N__NI33D__SI48G
466	1CHO_EFG_I	1CHO_EI7D__AI12V__TI14S__RI18M__NI25S__GI29S__EI40D
467	1CHO_EFG_I	1CHO_EI7D__AI12V__TI14S__RI18M__NI25S__GI29S__NI33D__EI40D
468	1CHO_EFG_I	1CHO_EI7D__AI12V__TI14S__RI18M__NI25S__GI29S__NI33D__EI40D__TI46N
469	1CHO_EFG_I	1CHO_EI7D__AI12V__TI14S__RI18M__NI25S__GI29S__NI33D__VI38F__EI40D__TI46S
470	1CHO_EFG_I	1CHO_EI7D__AI12V__TI14S__RI18M__NI25S__GI29S__VI39A__EI40D
471	1CHO_EFG_I	1CHO_EI7D__AI12V__TI14S__RI18M__VI39A__EI40D
472	1CHO_EFG_I	1CHO_EI7D__AI12V__YI17E__RI18M__EI40D
473	1CHO_EFG_I	1CHO_EI7D__KI10M__LI15M__LI20V
474	1CHO_EFG_I	1CHO_EI7D__KI10R__AI12D__RI18M__EI40D
475	1CHO_EFG_I	1CHO_EI7D__KI10R__AI12V__EI16D__RI18M__GI29S__EI40D__LI45I__KI52R
476	1CHO_EFG_I	1CHO_EI7D__LI15F__RI18M__EI40D
477	1CHO_EFG_I	1CHO_EI7D__LI15M__RI18M__EI40D
478	1CHO_EFG_I	1CHO_EI7D__LI15M__RI18M__GI29D__EI40D
479	1CHO_EFG_I	1CHO_EI7D__LI15V__RI18M__EI40D
480	1CHO_EFG_I	1CHO_EI7D__LI15V__RI18M__GI29D__EI40D
481	1CHO_EFG_I	1CHO_EI7D__RI18M__EI40D
482	1CHO_EFG_I	1CHO_EI7D__RI18M__KI26Q__GI29S__NI33S__EI40D
483	1CHO_EFG_I	1CHO_EI7D__RI18M__KI31R__EI40D
484	1CHO_EFG_I	1CHO_EI7D__RI18M__LI20F__NI25S__GI29S__EI40D
485	1CHO_EFG_I	1CHO_EI7D__TI14L__RI18M__GI29D__NI33S__EI40D__TI46S
486	1CHO_EFG_I	1CHO_EI7D__TI14R__LI15M__RI18M__EI40D
487	1CHO_EFG_I	1CHO_EI7D__TI14S__EI16D__RI18M__NI25S__GI29S__EI40D__GI51E
488	1CHO_EFG_I	1CHO_EI7D__YI8H__AI12V__TI14S__RI18M__NI25S__GI29S__NI33D
489	1CHO_EFG_I	1CHO_EI7D__YI8H__TI14L__LI15Q__YI17Q__RI18K__GI29D__NI33S__EI40D
490	1CHO_EFG_I	1CHO_EI7D__YI8H__TI14L__LI15Q__YI17Q__RI18K__LI20I__GI29D__NI33S__EI40D
491	1CHO_EFG_I	1CHO_EI7G__KI10Q__PI11S__TI14P__LI15Q__EI16D__RI18V__LI20F__GI29S__VI39A__EI40D
492	1CHO_EFG_I	1CHO_EI7G__KI10Q__TI14S__RI18V__LI20F__GI29S__NI33D__VI39A__EI40D
493	1CHO_EFG_I	1CHO_EI7G__LI15M__RI18M__EI40D
494	1CHO_EFG_I	1CHO_EI7G__LI15M__RI18M__EI40D__KI52E
495	1CHO_EFG_I	1CHO_EI7G__LI15M__YI17S__LI20I__KI26T__GI29S__HI49Y__FI50P__KI52V
496	1CHO_EFG_I	1CHO_GI29A
497	1CHO_EFG_I	1CHO_GI29C
498	1CHO_EFG_I	1CHO_GI29D
499	1CHO_EFG_I	1CHO_GI29E
500	1CHO_EFG_I	1CHO_GI29F
501	1CHO_EFG_I	1CHO_GI29H
502	1CHO_EFG_I	1CHO_GI29I
503	1CHO_EFG_I	1CHO_GI29K
504	1CHO_EFG_I	1CHO_GI29L
505	1CHO_EFG_I	1CHO_GI29M
506	1CHO_EFG_I	1CHO_GI29N
507	1CHO_EFG_I	1CHO_GI29P
508	1CHO_EFG_I	1CHO_GI29Q
509	1CHO_EFG_I	1CHO_GI29R
510	1CHO_EFG_I	1CHO_GI29S
511	1CHO_EFG_I	1CHO_GI29T
512	1CHO_EFG_I	1CHO_GI29V
513	1CHO_EFG_I	1CHO_GI29W
514	1CHO_EFG_I	1CHO_GI29Y
515	1CHO_EFG_I	1CHO_KI10A
516	1CHO_EFG_I	1CHO_KI10C
517	1CHO_EFG_I	1CHO_KI10D
518	1CHO_EFG_I	1CHO_KI10E
519	1CHO_EFG_I	1CHO_KI10F
520	1CHO_EFG_I	1CHO_KI10G
521	1CHO_EFG_I	1CHO_KI10H
522	1CHO_EFG_I	1CHO_KI10I
523	1CHO_EFG_I	1CHO_KI10L
524	1CHO_EFG_I	1CHO_KI10M
525	1CHO_EFG_I	1CHO_KI10N
526	1CHO_EFG_I	1CHO_KI10P
527	1CHO_EFG_I	1CHO_KI10Q
528	1CHO_EFG_I	1CHO_KI10R
529	1CHO_EFG_I	1CHO_KI10R__AI12R__TI14K__LI15R
530	1CHO_EFG_I	1CHO_KI10R__PI11F__AI12R__TI14K__LI15R
531	1CHO_EFG_I	1CHO_KI10S
532	1CHO_EFG_I	1CHO_KI10S__PI11D__AI12Y
533	1CHO_EFG_I	1CHO_KI10S__PI11D__AI12Y__LI15G__EI16I__RI18K
534	1CHO_EFG_I	1CHO_KI10T
535	1CHO_EFG_I	1CHO_KI10T__PI11E__AI12Y
536	1CHO_EFG_I	1CHO_KI10T__PI11E__AI12Y__LI15G__RI18M__GI29P__NI33V
537	1CHO_EFG_I	1CHO_KI10V
538	1CHO_EFG_I	1CHO_KI10W
539	1CHO_EFG_I	1CHO_KI10Y
540	1CHO_EFG_I	1CHO_LI15A
541	1CHO_EFG_I	1CHO_LI15C
542	1CHO_EFG_I	1CHO_LI15D
543	1CHO_EFG_I	1CHO_LI15E
544	1CHO_EFG_I	1CHO_LI15F
545	1CHO_EFG_I	1CHO_LI15G
546	1CHO_EFG_I	1CHO_LI15H
547	1CHO_EFG_I	1CHO_LI15I
548	1CHO_EFG_I	1CHO_LI15K
549	1CHO_EFG_I	1CHO_LI15M
550	1CHO_EFG_I	1CHO_LI15M__GI29D
551	1CHO_EFG_I	1CHO_LI15M__HI49R
552	1CHO_EFG_I	1CHO_LI15M__HI49R__KI52E
553	1CHO_EFG_I	1CHO_LI15M__LI20V__KI26I__EI40K
554	1CHO_EFG_I	1CHO_LI15M__NI33D__SI48N
555	1CHO_EFG_I	1CHO_LI15M__SI48N
556	1CHO_EFG_I	1CHO_LI15M__SI48N__HI49R__KI52Q
557	1CHO_EFG_I	1CHO_LI15M__TI27S__GI29D
558	1CHO_EFG_I	1CHO_LI15M__TI46N__KI52T
559	1CHO_EFG_I	1CHO_LI15M__YI17H__KI26Q__GI29D
560	1CHO_EFG_I	1CHO_LI15M__YI17Q
561	1CHO_EFG_I	1CHO_LI15N
562	1CHO_EFG_I	1CHO_LI15P
563	1CHO_EFG_I	1CHO_LI15Q
564	1CHO_EFG_I	1CHO_LI15R
565	1CHO_EFG_I	1CHO_LI15S
566	1CHO_EFG_I	1CHO_LI15S__RI18V__LI20I
567	1CHO_EFG_I	1CHO_LI15T
568	1CHO_EFG_I	1CHO_LI15V
569	1CHO_EFG_I	1CHO_LI15W
570	1CHO_EFG_I	1CHO_LI15Y
571	1CHO_EFG_I	1CHO_NI25S
572	1CHO_EFG_I	1CHO_NI25S__GI29A
573	1CHO_EFG_I	1CHO_NI33A
574	1CHO_EFG_I	1CHO_NI33C
575	1CHO_EFG_I	1CHO_NI33D
576	1CHO_EFG_I	1CHO_NI33E
577	1CHO_EFG_I	1CHO_NI33F
578	1CHO_EFG_I	1CHO_NI33G
579	1CHO_EFG_I	1CHO_NI33H
580	1CHO_EFG_I	1CHO_NI33I
581	1CHO_EFG_I	1CHO_NI33K
582	1CHO_EFG_I	1CHO_NI33L
583	1CHO_EFG_I	1CHO_NI33M
584	1CHO_EFG_I	1CHO_NI33P
585	1CHO_EFG_I	1CHO_NI33Q
586	1CHO_EFG_I	1CHO_NI33R
587	1CHO_EFG_I	1CHO_NI33S
588	1CHO_EFG_I	1CHO_NI33T
589	1CHO_EFG_I	1CHO_NI33V
590	1CHO_EFG_I	1CHO_NI33W
591	1CHO_EFG_I	1CHO_NI33Y
592	1CHO_EFG_I	1CHO_PI11A
593	1CHO_EFG_I	1CHO_PI11C
594	1CHO_EFG_I	1CHO_PI11D
595	1CHO_EFG_I	1CHO_PI11E
596	1CHO_EFG_I	1CHO_PI11F
597	1CHO_EFG_I	1CHO_PI11G
598	1CHO_EFG_I	1CHO_PI11H
599	1CHO_EFG_I	1CHO_PI11I
600	1CHO_EFG_I	1CHO_PI11K
601	1CHO_EFG_I	1CHO_PI11L
602	1CHO_EFG_I	1CHO_PI11M
603	1CHO_EFG_I	1CHO_PI11N
604	1CHO_EFG_I	1CHO_PI11Q
605	1CHO_EFG_I	1CHO_PI11R
606	1CHO_EFG_I	1CHO_PI11S
607	1CHO_EFG_I	1CHO_PI11S__AI12L__TI14K__LI15R
608	1CHO_EFG_I	1CHO_PI11S__AI12R__TI14P__LI15R
609	1CHO_EFG_I	1CHO_PI11T
610	1CHO_EFG_I	1CHO_PI11V
611	1CHO_EFG_I	1CHO_PI11W
612	1CHO_EFG_I	1CHO_PI11Y
613	1CHO_EFG_I	1CHO_RI18A
614	1CHO_EFG_I	1CHO_RI18C
615	1CHO_EFG_I	1CHO_RI18D
616	1CHO_EFG_I	1CHO_RI18E
617	1CHO_EFG_I	1CHO_RI18F
618	1CHO_EFG_I	1CHO_RI18G
619	1CHO_EFG_I	1CHO_RI18H
620	1CHO_EFG_I	1CHO_RI18I
621	1CHO_EFG_I	1CHO_RI18K
622	1CHO_EFG_I	1CHO_RI18L
623	1CHO_EFG_I	1CHO_RI18M
624	1CHO_EFG_I	1CHO_RI18M__KI26Q__GI29S__EI40D
625	1CHO_EFG_I	1CHO_RI18N
626	1CHO_EFG_I	1CHO_RI18P
627	1CHO_EFG_I	1CHO_RI18Q
628	1CHO_EFG_I	1CHO_RI18S
629	1CHO_EFG_I	1CHO_RI18T
630	1CHO_EFG_I	1CHO_RI18V
631	1CHO_EFG_I	1CHO_RI18V__LI20I
632	1CHO_EFG_I	1CHO_RI18W
633	1CHO_EFG_I	1CHO_RI18Y
634	1CHO_EFG_I	1CHO_TI14A
635	1CHO_EFG_I	1CHO_TI14C
636	1CHO_EFG_I	1CHO_TI14D
637	1CHO_EFG_I	1CHO_TI14E
638	1CHO_EFG_I	1CHO_TI14F
639	1CHO_EFG_I	1CHO_TI14G
640	1CHO_EFG_I	1CHO_TI14H
641	1CHO_EFG_I	1CHO_TI14I
642	1CHO_EFG_I	1CHO_TI14K
643	1CHO_EFG_I	1CHO_TI14K__LI15R
644	1CHO_EFG_I	1CHO_TI14L
645	1CHO_EFG_I	1CHO_TI14M
646	1CHO_EFG_I	1CHO_TI14M__LI15S__GI29V
647	1CHO_EFG_I	1CHO_TI14N
648	1CHO_EFG_I	1CHO_TI14P
649	1CHO_EFG_I	1CHO_TI14P__LI15K
650	1CHO_EFG_I	1CHO_TI14P__LI15K__EI16D__LI20V__GI29S__SI48N
651	1CHO_EFG_I	1CHO_TI14P__LI15K__EI16D__LI20V__SI48N
652	1CHO_EFG_I	1CHO_TI14P__LI15K__EI16D__LI20V__SI48N__HI49R
653	1CHO_EFG_I	1CHO_TI14P__LI15K__GI29D
654	1CHO_EFG_I	1CHO_TI14Q
655	1CHO_EFG_I	1CHO_TI14R
656	1CHO_EFG_I	1CHO_TI14R__LI15R
657	1CHO_EFG_I	1CHO_TI14S
658	1CHO_EFG_I	1CHO_TI14V
659	1CHO_EFG_I	1CHO_TI14W
660	1CHO_EFG_I	1CHO_TI14Y
661	1CHO_EFG_I	1CHO_VI3I__EI7D__AI12V__TI14S__RI18M__NI25S__GI29S__EI40D__TI46I
662	1CHO_EFG_I	1CHO_WT
663	1CHO_EFG_I	1CHO_YI17A
664	1CHO_EFG_I	1CHO_YI17C
665	1CHO_EFG_I	1CHO_YI17D
666	1CHO_EFG_I	1CHO_YI17E
667	1CHO_EFG_I	1CHO_YI17F
668	1CHO_EFG_I	1CHO_YI17G
669	1CHO_EFG_I	1CHO_YI17H
670	1CHO_EFG_I	1CHO_YI17I
671	1CHO_EFG_I	1CHO_YI17K
672	1CHO_EFG_I	1CHO_YI17L
673	1CHO_EFG_I	1CHO_YI17M
674	1CHO_EFG_I	1CHO_YI17N
675	1CHO_EFG_I	1CHO_YI17P
676	1CHO_EFG_I	1CHO_YI17Q
677	1CHO_EFG_I	1CHO_YI17R
678	1CHO_EFG_I	1CHO_YI17S
679	1CHO_EFG_I	1CHO_YI17T
680	1CHO_EFG_I	1CHO_YI17V
681	1CHO_EFG_I	1CHO_YI17W
682	1CHO_EFG_I	1CHO_YI8H__EI16D__LI20I__NI25S__GI29S__NI33D__VI39M__EI40D
683	1CHO_EFG_I	1CHO_YI8H__YI17D__TI27I__GI29S__NI33D__VI39L
684	1GC1_G_C	1GC1_DC10A
685	1GC1_G_C	1GC1_DC53A
686	1GC1_G_C	1GC1_DC56A
687	1GC1_G_C	1GC1_DC63A
688	1GC1_G_C	1GC1_DC78A
689	1GC1_G_C	1GC1_DC80A
690	1GC1_G_C	1GC1_DC88A
691	1GC1_G_C	1GC1_EC13A
692	1GC1_G_C	1GC1_EC77A
693	1GC1_G_C	1GC1_EC85A
694	1GC1_G_C	1GC1_EC87A
695	1GC1_G_C	1GC1_EC91A
696	1GC1_G_C	1GC1_EC92A
697	1GC1_G_C	1GC1_HC27A
698	1GC1_G_C	1GC1_IC36A
699	1GC1_G_C	1GC1_KC1A
700	1GC1_G_C	1GC1_KC21A
701	1GC1_G_C	1GC1_KC22A
702	1GC1_G_C	1GC1_KC29A
703	1GC1_G_C	1GC1_KC2A
704	1GC1_G_C	1GC1_KC35A
705	1GC1_G_C	1GC1_KC46A
706	1GC1_G_C	1GC1_KC50A
707	1GC1_G_C	1GC1_KC72A
708	1GC1_G_C	1GC1_KC75A
709	1GC1_G_C	1GC1_KC7A
710	1GC1_G_C	1GC1_KC8A
711	1GC1_G_C	1GC1_KC90A
712	1GC1_G_C	1GC1_LC37A
713	1GC1_G_C	1GC1_LC44A
714	1GC1_G_C	1GC1_LC51A
715	1GC1_G_C	1GC1_NC30A
716	1GC1_G_C	1GC1_NC32A
717	1GC1_G_C	1GC1_NC39A
718	1GC1_G_C	1GC1_NC52A
719	1GC1_G_C	1GC1_NC66A
720	1GC1_G_C	1GC1_NC73A
721	1GC1_G_C	1GC1_QC20A
722	1GC1_G_C	1GC1_QC25A
723	1GC1_G_C	1GC1_QC33A
724	1GC1_G_C	1GC1_QC40A
725	1GC1_G_C	1GC1_QC40A__DC63A
726	1GC1_G_C	1GC1_QC40A__DC63A__QC89L
727	1GC1_G_C	1GC1_QC64A
728	1GC1_G_C	1GC1_QC89A
729	1GC1_G_C	1GC1_QC89L
730	1GC1_G_C	1GC1_QC94A
731	1GC1_G_C	1GC1_RC54A
732	1GC1_G_C	1GC1_RC58A
733	1GC1_G_C	1GC1_RC59A
734	1GC1_G_C	1GC1_SC19A
735	1GC1_G_C	1GC1_SC23A
736	1GC1_G_C	1GC1_SC31A
737	1GC1_G_C	1GC1_SC42A
738	1GC1_G_C	1GC1_SC49A
739	1GC1_G_C	1GC1_SC57A
740	1GC1_G_C	1GC1_SC60A
741	1GC1_G_C	1GC1_SC79A
742	1GC1_G_C	1GC1_TC11A
743	1GC1_G_C	1GC1_TC15A
744	1GC1_G_C	1GC1_TC17A
745	1GC1_G_C	1GC1_TC45A
746	1GC1_G_C	1GC1_TC81A
747	1GC1_G_C	1GC1_VC86A
748	1GC1_G_C	1GC1_WC28A
749	1GC1_G_C	1GC1_WC62A
750	1GC1_G_C	1GC1_WT
751	1GC1_G_C	1GC1_YC82A
752	1JTG_A_B	1JTG_DB163A
753	1JTG_A_B	1JTG_DB163K
754	1JTG_A_B	1JTG_DB49A
755	1JTG_A_B	1JTG_EA143A
756	1JTG_A_B	1JTG_EA143A__DB49A
757	1JTG_A_B	1JTG_EA143A__FB142A
758	1JTG_A_B	1JTG_EA143A__KB74A
759	1JTG_A_B	1JTG_EA143A__RB160A
760	1JTG_A_B	1JTG_EA143A__WB112A
761	1JTG_A_B	1JTG_EA143A__WB150A
762	1JTG_A_B	1JTG_EA143A__WB162A
763	1JTG_A_B	1JTG_EA143G
764	1JTG_A_B	1JTG_EA146K
765	1JTG_A_B	1JTG_EA213K
766	1JTG_A_B	1JTG_EA79A
767	1JTG_A_B	1JTG_EA79A__EB73M
768	1JTG_A_B	1JTG_EA79A__EB73M__FB142A
769	1JTG_A_B	1JTG_EA79A__EB73M__KB74A
770	1JTG_A_B	1JTG_EA79A__EB73M__KB74A__FB142A
771	1JTG_A_B	1JTG_EA79A__FB142A
772	1JTG_A_B	1JTG_EA79A__FB142A__YB143A
773	1JTG_A_B	1JTG_EA79A__KB74A
774	1JTG_A_B	1JTG_EA79A__KB74A__FB142A
775	1JTG_A_B	1JTG_EA79A__KB74A__FB142A__YB143A
776	1JTG_A_B	1JTG_EA79A__KB74A__YB143A
777	1JTG_A_B	1JTG_EA79A__SB113A
778	1JTG_A_B	1JTG_EA79A__SB71A__SB113A
779	1JTG_A_B	1JTG_EA79A__YA80A
780	1JTG_A_B	1JTG_EA79A__YA80A__FB142A
781	1JTG_A_B	1JTG_EA79A__YA80A__FB142A__YB143A
782	1JTG_A_B	1JTG_EA79A__YA80A__KB74A
783	1JTG_A_B	1JTG_EA79A__YA80A__KB74A__FB142A
784	1JTG_A_B	1JTG_EA79A__YA80A__KB74A__FB142A__YB143A
785	1JTG_A_B	1JTG_EA79A__YA80A__KB74A__YB143A
786	1JTG_A_B	1JTG_EA79A__YA80A__YB143A
787	1JTG_A_B	1JTG_EA79A__YB143A
788	1JTG_A_B	1JTG_EA79D
789	1JTG_A_B	1JTG_EA79K
790	1JTG_A_B	1JTG_EA79K__DB49A
791	1JTG_A_B	1JTG_EA79K__FB142A
792	1JTG_A_B	1JTG_EA85A
793	1JTG_A_B	1JTG_EA85A__SB113A
794	1JTG_A_B	1JTG_EA85A__SB71A
795	1JTG_A_B	1JTG_EA85A__SB71A__SB113A
796	1JTG_A_B	1JTG_EA85A__YB50A
797	1JTG_A_B	1JTG_EA85G
798	1JTG_A_B	1JTG_EA85G__EA143G
799	1JTG_A_B	1JTG_EA85V
800	1JTG_A_B	1JTG_EA85V__EA143G
801	1JTG_A_B	1JTG_EB31A
802	1JTG_A_B	1JTG_EB73A
803	1JTG_A_B	1JTG_EB73M
804	1JTG_A_B	1JTG_EB73M__FB142A
805	1JTG_A_B	1JTG_EB73M__KB74A
806	1JTG_A_B	1JTG_EB73M__KB74A__FB142A
807	1JTG_A_B	1JTG_FB142A
808	1JTG_A_B	1JTG_FB142A__YB143A
809	1JTG_A_B	1JTG_FB36A
810	1JTG_A_B	1JTG_GA212S
811	1JTG_A_B	1JTG_GA212S__DB49A
812	1JTG_A_B	1JTG_GA212S__FB142A
813	1JTG_A_B	1JTG_GB141A
814	1JTG_A_B	1JTG_GB48A
815	1JTG_A_B	1JTG_HB148A
816	1JTG_A_B	1JTG_HB41A
817	1JTG_A_B	1JTG_KA208A
818	1JTG_A_B	1JTG_KA208A__DB49A
819	1JTG_A_B	1JTG_KA208A__FB142A
820	1JTG_A_B	1JTG_KA208A__FB142A__YB143A
821	1JTG_A_B	1JTG_KA208A__KB74A
822	1JTG_A_B	1JTG_KA208A__KB74A__FB142A
823	1JTG_A_B	1JTG_KA208A__KB74A__FB142A__YB143A
824	1JTG_A_B	1JTG_KA208A__KB74A__YB143A
825	1JTG_A_B	1JTG_KA208A__RA217A
826	1JTG_A_B	1JTG_KA208A__RA217A__DB49A
827	1JTG_A_B	1JTG_KA208A__SA209A
828	1JTG_A_B	1JTG_KA208A__SA209A__DB49A
829	1JTG_A_B	1JTG_KA208A__SA209A__RA217A
830	1JTG_A_B	1JTG_KA208A__SA209A__RA217A__DB49A
831	1JTG_A_B	1JTG_KA208A__YB143A
832	1JTG_A_B	1JTG_KA86A
833	1JTG_A_B	1JTG_KA86N
834	1JTG_A_B	1JTG_KB74A
835	1JTG_A_B	1JTG_KB74A__FB142A
836	1JTG_A_B	1JTG_KB74A__FB142A__YB143A
837	1JTG_A_B	1JTG_KB74A__YB143A
838	1JTG_A_B	1JTG_LA77A
839	1JTG_A_B	1JTG_MA104A
840	1JTG_A_B	1JTG_MA104A__FB36A
841	1JTG_A_B	1JTG_MA104A__SB71A__SB113A
842	1JTG_A_B	1JTG_MA104A__YB50A
843	1JTG_A_B	1JTG_MA104A__YB53A
844	1JTG_A_B	1JTG_MA244A
845	1JTG_A_B	1JTG_NA75A
846	1JTG_A_B	1JTG_NA75A__DB49A
847	1JTG_A_B	1JTG_NA75A__FB142A
848	1JTG_A_B	1JTG_NA75A__HB148A
849	1JTG_A_B	1JTG_NA75A__KB74A
850	1JTG_A_B	1JTG_NA75A__RB160A
851	1JTG_A_B	1JTG_NA75A__WB112A
852	1JTG_A_B	1JTG_NA75A__WB150A
853	1JTG_A_B	1JTG_NA75A__WB162A
854	1JTG_A_B	1JTG_NB89K
855	1JTG_A_B	1JTG_NB89K__DB135K__DB163K__VB165K
856	1JTG_A_B	1JTG_NB89K__DB163K__VB165K
857	1JTG_A_B	1JTG_PA82A
858	1JTG_A_B	1JTG_PA82A__HB41A
859	1JTG_A_B	1JTG_PA82A__YB50A
860	1JTG_A_B	1JTG_PA82A__YB53A
861	1JTG_A_B	1JTG_PA82Q
862	1JTG_A_B	1JTG_QA74A
863	1JTG_A_B	1JTG_QA74A__DB49A
864	1JTG_A_B	1JTG_QA74A__FB142A
865	1JTG_A_B	1JTG_QA74A__HB148A
866	1JTG_A_B	1JTG_QA74A__KB74A
867	1JTG_A_B	1JTG_QA74A__RB160A
868	1JTG_A_B	1JTG_QA74A__WB112A
869	1JTG_A_B	1JTG_QA74A__WB150A
870	1JTG_A_B	1JTG_QA74A__WB162A
871	1JTG_A_B	1JTG_RA214Y
872	1JTG_A_B	1JTG_RA217A
873	1JTG_A_B	1JTG_RA217A__DB49A
874	1JTG_A_B	1JTG_RA217A__FB142A
875	1JTG_A_B	1JTG_RA217A__FB142A__YB143A
876	1JTG_A_B	1JTG_RA217A__KB74A
877	1JTG_A_B	1JTG_RA217A__KB74A__FB142A
878	1JTG_A_B	1JTG_RA217A__KB74A__FB142A__YB143A
879	1JTG_A_B	1JTG_RA217A__KB74A__YB143A
880	1JTG_A_B	1JTG_RA217A__YB143A
881	1JTG_A_B	1JTG_RB144A
882	1JTG_A_B	1JTG_RB160A
883	1JTG_A_B	1JTG_SA105A
884	1JTG_A_B	1JTG_SA105A__DB49A
885	1JTG_A_B	1JTG_SA105A__FB142A
886	1JTG_A_B	1JTG_SA105A__FB142A__YB143A
887	1JTG_A_B	1JTG_SA105A__KA208A
888	1JTG_A_B	1JTG_SA105A__KA208A__DB49A
889	1JTG_A_B	1JTG_SA105A__KA208A__RA217A
890	1JTG_A_B	1JTG_SA105A__KA208A__RA217A__DB49A
891	1JTG_A_B	1JTG_SA105A__KA208A__SA209A
892	1JTG_A_B	1JTG_SA105A__KA208A__SA209A__DB49A
893	1JTG_A_B	1JTG_SA105A__KA208A__SA209A__RA217A
894	1JTG_A_B	1JTG_SA105A__KA208A__SA209A__RA217A__DB49A
895	1JTG_A_B	1JTG_SA105A__KB74A
896	1JTG_A_B	1JTG_SA105A__KB74A__FB142A
897	1JTG_A_B	1JTG_SA105A__KB74A__FB142A__YB143A
898	1JTG_A_B	1JTG_SA105A__KB74A__YB143A
899	1JTG_A_B	1JTG_SA105A__RA217A
900	1JTG_A_B	1JTG_SA105A__RA217A__DB49A
901	1JTG_A_B	1JTG_SA105A__SA209A
902	1JTG_A_B	1JTG_SA105A__SA209A__DB49A
903	1JTG_A_B	1JTG_SA105A__SA209A__RA217A
904	1JTG_A_B	1JTG_SA105A__SA209A__RA217A__DB49A
905	1JTG_A_B	1JTG_SA105A__YB143A
906	1JTG_A_B	1JTG_SA209A
907	1JTG_A_B	1JTG_SA209A__DB49A
908	1JTG_A_B	1JTG_SA209A__RA217A
909	1JTG_A_B	1JTG_SA209A__RA217A__DB49A
910	1JTG_A_B	1JTG_SB113A
911	1JTG_A_B	1JTG_SB35A
912	1JTG_A_B	1JTG_SB39A
913	1JTG_A_B	1JTG_SB71A
914	1JTG_A_B	1JTG_SB71A__SB113A
915	1JTG_A_B	1JTG_TB140K
916	1JTG_A_B	1JTG_TB140K__QB157K
917	1JTG_A_B	1JTG_TB32K
918	1JTG_A_B	1JTG_VA190A
919	1JTG_A_B	1JTG_VA190A__FB142A
920	1JTG_A_B	1JTG_VA190A__YB50A
921	1JTG_A_B	1JTG_VA78A
922	1JTG_A_B	1JTG_VA78A__FB142A
923	1JTG_A_B	1JTG_VA78A__RB160A
924	1JTG_A_B	1JTG_VA78A__WB162A
925	1JTG_A_B	1JTG_VB134K__DB135K__DB163K
926	1JTG_A_B	1JTG_VB93K
927	1JTG_A_B	1JTG_WB112A
928	1JTG_A_B	1JTG_WB150A
929	1JTG_A_B	1JTG_WB162A
930	1JTG_A_B	1JTG_WT
931	1JTG_A_B	1JTG_YA80A
932	1JTG_A_B	1JTG_YA80A__FB142A
933	1JTG_A_B	1JTG_YA80A__FB142A__YB143A
934	1JTG_A_B	1JTG_YA80A__KB74A
935	1JTG_A_B	1JTG_YA80A__KB74A__FB142A
936	1JTG_A_B	1JTG_YA80A__KB74A__FB142A__YB143A
937	1JTG_A_B	1JTG_YA80A__KB74A__YB143A
938	1JTG_A_B	1JTG_YA80A__YB143A
939	1JTG_A_B	1JTG_YB143A
940	1JTG_A_B	1JTG_YB50A
941	1JTG_A_B	1JTG_YB50A__EB73A
942	1JTG_A_B	1JTG_YB51A
943	1JTG_A_B	1JTG_YB53A
944	1VFB_AB_C	1VFB_DB100A
945	1VFB_AB_C	1VFB_DB100A__SC24A
946	1VFB_AB_C	1VFB_DB54A
947	1VFB_AB_C	1VFB_DB54A__TC118A
948	1VFB_AB_C	1VFB_DB58A
949	1VFB_AB_C	1VFB_DB58E
950	1VFB_AB_C	1VFB_DB58N
951	1VFB_AB_C	1VFB_DC119A
952	1VFB_AB_C	1VFB_DC18A
953	1VFB_AB_C	1VFB_EB98A
954	1VFB_AB_C	1VFB_GB31A
955	1VFB_AB_C	1VFB_GB31E
956	1VFB_AB_C	1VFB_GB31W
957	1VFB_AB_C	1VFB_HA30A
958	1VFB_AB_C	1VFB_IC124A
959	1VFB_AB_C	1VFB_KC116A
960	1VFB_AB_C	1VFB_LA46D
961	1VFB_AB_C	1VFB_LA46E
962	1VFB_AB_C	1VFB_LC129A
963	1VFB_AB_C	1VFB_NA31W
964	1VFB_AB_C	1VFB_NB56A
965	1VFB_AB_C	1VFB_NC19A
966	1VFB_AB_C	1VFB_QC121A
967	1VFB_AB_C	1VFB_RB99A
968	1VFB_AB_C	1VFB_RB99W
969	1VFB_AB_C	1VFB_RB99Y
970	1VFB_AB_C	1VFB_RC125A
971	1VFB_AB_C	1VFB_SA93A
972	1VFB_AB_C	1VFB_SB28D
973	1VFB_AB_C	1VFB_SB28E
974	1VFB_AB_C	1VFB_SB28N
975	1VFB_AB_C	1VFB_SB28Q
976	1VFB_AB_C	1VFB_SC24A
977	1VFB_AB_C	1VFB_TA52F
978	1VFB_AB_C	1VFB_TA53R
979	1VFB_AB_C	1VFB_TB30A
980	1VFB_AB_C	1VFB_TC118A
981	1VFB_AB_C	1VFB_VC120A
982	1VFB_AB_C	1VFB_WA92A
983	1VFB_AB_C	1VFB_WA92A__IC124A
984	1VFB_AB_C	1VFB_WA92A__LC129A
985	1VFB_AB_C	1VFB_WA92A__QC121A
986	1VFB_AB_C	1VFB_WA92A__RC125A
987	1VFB_AB_C	1VFB_WB52A
988	1VFB_AB_C	1VFB_WB52A__DC119A
989	1VFB_AB_C	1VFB_WT
990	1VFB_AB_C	1VFB_YA32A
991	1VFB_AB_C	1VFB_YA32A__IC124A
992	1VFB_AB_C	1VFB_YA32A__QC121A
993	1VFB_AB_C	1VFB_YA32W
994	1VFB_AB_C	1VFB_YA49A
995	1VFB_AB_C	1VFB_YA50A
996	1VFB_AB_C	1VFB_YA50A__DC119A
997	1VFB_AB_C	1VFB_YA50A__DC18A
998	1VFB_AB_C	1VFB_YA50K
999	1VFB_AB_C	1VFB_YA50R
1000	1VFB_AB_C	1VFB_YB101A
1001	1VFB_AB_C	1VFB_YB101F
1002	1VFB_AB_C	1VFB_YB101F__DC119A
1003	1VFB_AB_C	1VFB_YB101F__VC120A
1004	1VFB_AB_C	1VFB_YB32A
1005	1VFB_AB_C	1VFB_YB32A__KC116A
1006	1VFB_AB_C	1VFB_YB32E
1007	1VFB_AB_C	1VFB_YC23A
1008	2B2X_HL_A	2B2X_EH64K
1009	2B2X_HL_A	2B2X_EH64K__GH102S__QL28S__YL52N
1010	2B2X_HL_A	2B2X_EH64K__QL28S__YL52N
1011	2B2X_HL_A	2B2X_EH64K__YL52N
1012	2B2X_HL_A	2B2X_QL28S__YL52N
1013	2B2X_HL_A	2B2X_RH31Q__VH50T__EH64K__QL28S__YL52N
1014	2B2X_HL_A	2B2X_SH35A__EH64K__GH102S__QL28S__YL52N
1015	2B2X_HL_A	2B2X_SH35A__EH64K__QL28S__YL52N
1016	2B2X_HL_A	2B2X_SH35A__VH50T__EH64K__GH102S__QL28S__YL52N
1017	2B2X_HL_A	2B2X_SH35A__VH50T__EH64K__QL28S__YL52N
1018	2B2X_HL_A	2B2X_SH35Q__VH50T__EH64K__QL28S__YL52N
1019	2B2X_HL_A	2B2X_SH35V__EH64K__GH102S__QL28S__YL52N
1020	2B2X_HL_A	2B2X_SH35V__EH64K__QL28S__YL52N
1021	2B2X_HL_A	2B2X_SH35V__VH50T__EH64K__GH102S__QL28S__YL52N
1022	2B2X_HL_A	2B2X_SH35V__VH50T__EH64K__QL28S__YL52N
1023	2B2X_HL_A	2B2X_TH33E__VH50T__GH53Q__EH64K__QL28S__YL52N
1024	2B2X_HL_A	2B2X_TH33I__VH50T__SH52T__GH53N__GH54N__EH64K__QL28S__YL52N
1025	2B2X_HL_A	2B2X_TH33I__VH50T__SH52T__GH53Q__GH54F__EH64K__QL28S__YL52N
1026	2B2X_HL_A	2B2X_TH33N__VH50T__EH64K__QL28S__YL52N
1027	2B2X_HL_A	2B2X_TH33Q__VH50T__EH64K__QL28S__YL52N
1028	2B2X_HL_A	2B2X_TH33Q__VH50T__GH54W__EH64K__QL28S__YL52N
1029	2B2X_HL_A	2B2X_TH33S__VH50T__GH53W__EH64K__QL28S__YL52N
1030	2B2X_HL_A	2B2X_TH33V__VH50T__EH64K__QL28S__YL52N
1031	2B2X_HL_A	2B2X_VH50E__EH64K__QL28S__YL52N
1032	2B2X_HL_A	2B2X_VH50Q__EH64K__QL28S__YL52N
1033	2B2X_HL_A	2B2X_VH50T
1034	2B2X_HL_A	2B2X_VH50T__EH64D__QL28S__YL52N
1035	2B2X_HL_A	2B2X_VH50T__EH64K__FH99W__QL28S__YL52N
1036	2B2X_HL_A	2B2X_VH50T__EH64K__FH99Y__QL28S__YL52N
1037	2B2X_HL_A	2B2X_VH50T__EH64K__GH100F__QL28S__YL52N
1038	2B2X_HL_A	2B2X_VH50T__EH64K__GH100I__QL28S__YL52N
1039	2B2X_HL_A	2B2X_VH50T__EH64K__GH100L__QL28S__YL52N
1040	2B2X_HL_A	2B2X_VH50T__EH64K__GH100M__QL28S__YL52N
1041	2B2X_HL_A	2B2X_VH50T__EH64K__GH100S__QL28S__YL52N
1042	2B2X_HL_A	2B2X_VH50T__EH64K__GH100V__QL28S__YL52N
1043	2B2X_HL_A	2B2X_VH50T__EH64K__GH102S__QL28S__YL52N
1044	2B2X_HL_A	2B2X_VH50T__EH64K__QL28S
1045	2B2X_HL_A	2B2X_VH50T__EH64K__QL28S__FL33Y__YL52N__WL90Q
1046	2B2X_HL_A	2B2X_VH50T__EH64K__QL28S__HL31K__YL52N
1047	2B2X_HL_A	2B2X_VH50T__EH64K__QL28S__HL31R__YL52N
1048	2B2X_HL_A	2B2X_VH50T__EH64K__QL28S__HL31W__YL52N
1049	2B2X_HL_A	2B2X_VH50T__EH64K__QL28S__LL49F__YL52N
1050	2B2X_HL_A	2B2X_VH50T__EH64K__QL28S__LL49K__YL52N
1051	2B2X_HL_A	2B2X_VH50T__EH64K__QL28S__LL49W__YL52N
1052	2B2X_HL_A	2B2X_VH50T__EH64K__QL28S__LL49Y__YL52N
1053	2B2X_HL_A	2B2X_VH50T__EH64K__QL28S__NL30E__YL52N__SL91R
1054	2B2X_HL_A	2B2X_VH50T__EH64K__QL28S__NL30K__YL52N
1055	2B2X_HL_A	2B2X_VH50T__EH64K__QL28S__NL30V__YL52N
1056	2B2X_HL_A	2B2X_VH50T__EH64K__QL28S__NL30W__YL52N
1057	2B2X_HL_A	2B2X_VH50T__EH64K__QL28S__NL30Y__YL52N
1058	2B2X_HL_A	2B2X_VH50T__EH64K__QL28S__NL30Y__YL52N__SL91I
1059	2B2X_HL_A	2B2X_VH50T__EH64K__QL28S__YL52D
1060	2B2X_HL_A	2B2X_VH50T__EH64K__QL28S__YL52E
1061	2B2X_HL_A	2B2X_VH50T__EH64K__QL28S__YL52K
1062	2B2X_HL_A	2B2X_VH50T__EH64K__QL28S__YL52N
1063	2B2X_HL_A	2B2X_VH50T__EH64K__QL28S__YL52N__GL92Q
1064	2B2X_HL_A	2B2X_VH50T__EH64K__QL28S__YL52N__GL92S
1065	2B2X_HL_A	2B2X_VH50T__EH64K__QL28S__YL52N__NL93D
1066	2B2X_HL_A	2B2X_VH50T__EH64K__QL28S__YL52N__SL91K
1067	2B2X_HL_A	2B2X_VH50T__EH64K__QL28S__YL52N__SL91Q
1068	2B2X_HL_A	2B2X_VH50T__EH64K__QL28S__YL52N__SL91R
1069	2B2X_HL_A	2B2X_VH50T__EH64K__QL28S__YL52N__SL91T
1070	2B2X_HL_A	2B2X_VH50T__EH64K__QL28S__YL52N__SL91W
1071	2B2X_HL_A	2B2X_VH50T__EH64K__QL28S__YL52N__WL90Q
1072	2B2X_HL_A	2B2X_VH50T__EH64K__QL28S__YL52R
1073	2B2X_HL_A	2B2X_VH50T__EH64K__SL24R__QL28S__YL52N
1074	2B2X_HL_A	2B2X_VH50T__EH64K__YL52N
1075	2B2X_HL_A	2B2X_VH50T__EH64N__QL28S__YL52N
1076	2B2X_HL_A	2B2X_VH50T__EH64Q__QL28S__YL52N
1077	2B2X_HL_A	2B2X_VH50T__GH53A__EH64K__QL28S__YL52N
1078	2B2X_HL_A	2B2X_VH50T__GH53N__EH64K__QL28S__YL52N
1079	2B2X_HL_A	2B2X_VH50T__GH53Q__EH64K__QL28S__YL52N
1080	2B2X_HL_A	2B2X_VH50T__GH53S__EH64K__QL28S__YL52N
1081	2B2X_HL_A	2B2X_VH50T__GH53W__EH64K__QL28S__YL52N
1082	2B2X_HL_A	2B2X_VH50T__GH54I__EH64K__QL28S__YL52N
1083	2B2X_HL_A	2B2X_VH50T__GH54M__EH64K__QL28S__YL52N
1084	2B2X_HL_A	2B2X_VH50T__GH54N__EH64K__QL28S__YL52N
1085	2B2X_HL_A	2B2X_VH50T__GH54T__EH64K__QL28S__YL52N
1086	2B2X_HL_A	2B2X_VH50T__GH54Y__EH64K__QL28S__YL52N
1087	2B2X_HL_A	2B2X_VH50T__HH56N__YH58E__EH64K__QL28S__YL52N
1088	2B2X_HL_A	2B2X_VH50T__HH56N__YH58Q__EH64K__QL28S__YL52N
1089	2B2X_HL_A	2B2X_VH50T__HH56Y__EH64K__QL28S__YL52N
1090	2B2X_HL_A	2B2X_VH50T__LH60D__EH64K__QL28S__YL52N
1091	2B2X_HL_A	2B2X_VH50T__LH60D__EH64Q__QL28S__YL52N
1092	2B2X_HL_A	2B2X_VH50T__LH60D__QL28S__YL52N
1093	2B2X_HL_A	2B2X_VH50T__QL28S__YL52N
1094	2B2X_HL_A	2B2X_VH50T__SH52M__EH64K__QL28S__YL52N
1095	2B2X_HL_A	2B2X_VH50T__SH52T__EH64K__QL28S__YL52N
1096	2B2X_HL_A	2B2X_VH50T__YH58E__EH64K__QL28S__YL52N
1097	2B2X_HL_A	2B2X_VH50T__YH58Q__EH64K__QL28S__YL52N
1098	2B2X_HL_A	2B2X_VH50T__YH58W__EH64K__QL28S__YL52N
1099	2B2X_HL_A	2B2X_VH50T__YH59E__EH64K__QL28S__YL52N
1100	2B2X_HL_A	2B2X_VH50T__YL52N
1101	2B2X_HL_A	2B2X_WT
1102	2B2X_HL_A	2B2X_YL52E
1103	3BT1_A_U	3BT1_AU18S
1104	3BT1_A_U	3BT1_AU223S
1105	3BT1_A_U	3BT1_AU240S
1106	3BT1_A_U	3BT1_AU242S
1107	3BT1_A_U	3BT1_AU248S
1108	3BT1_A_U	3BT1_AU253S
1109	3BT1_A_U	3BT1_DU100A
1110	3BT1_A_U	3BT1_DU11A
1111	3BT1_A_U	3BT1_DU122A
1112	3BT1_A_U	3BT1_DU138A
1113	3BT1_A_U	3BT1_DU139A
1114	3BT1_A_U	3BT1_DU161A
1115	3BT1_A_U	3BT1_DU212A
1116	3BT1_A_U	3BT1_DU22A
1117	3BT1_A_U	3BT1_DU252A
1118	3BT1_A_U	3BT1_DU260A
1119	3BT1_A_U	3BT1_DU273A
1120	3BT1_A_U	3BT1_DU74A
1121	3BT1_A_U	3BT1_EU104A
1122	3BT1_A_U	3BT1_EU117A
1123	3BT1_A_U	3BT1_EU118A
1124	3BT1_A_U	3BT1_EU130A
1125	3BT1_A_U	3BT1_EU132A
1126	3BT1_A_U	3BT1_EU133A
1127	3BT1_A_U	3BT1_EU15A
1128	3BT1_A_U	3BT1_EU16A
1129	3BT1_A_U	3BT1_EU176A
1130	3BT1_A_U	3BT1_EU181A
1131	3BT1_A_U	3BT1_EU183A
1132	3BT1_A_U	3BT1_EU206A
1133	3BT1_A_U	3BT1_EU207A
1134	3BT1_A_U	3BT1_EU228A
1135	3BT1_A_U	3BT1_EU33A
1136	3BT1_A_U	3BT1_EU34A
1137	3BT1_A_U	3BT1_EU36A
1138	3BT1_A_U	3BT1_EU37A
1139	3BT1_A_U	3BT1_EU39A
1140	3BT1_A_U	3BT1_EU42A
1141	3BT1_A_U	3BT1_EU49A
1142	3BT1_A_U	3BT1_EU68A
1143	3BT1_A_U	3BT1_EU92A
1144	3BT1_A_U	3BT1_FU157A
1145	3BT1_A_U	3BT1_FU163A
1146	3BT1_A_U	3BT1_FU165A
1147	3BT1_A_U	3BT1_FU209A
1148	3BT1_A_U	3BT1_FU254A
1149	3BT1_A_U	3BT1_GU10A
1150	3BT1_A_U	3BT1_GU131A
1151	3BT1_A_U	3BT1_GU134A
1152	3BT1_A_U	3BT1_GU144A
1153	3BT1_A_U	3BT1_GU146A
1154	3BT1_A_U	3BT1_GU150A
1155	3BT1_A_U	3BT1_GU156A
1156	3BT1_A_U	3BT1_GU177A
1157	3BT1_A_U	3BT1_GU189A
1158	3BT1_A_U	3BT1_GU197A
1159	3BT1_A_U	3BT1_GU202A
1160	3BT1_A_U	3BT1_GU20A
1161	3BT1_A_U	3BT1_GU215A
1162	3BT1_A_U	3BT1_GU225A
1163	3BT1_A_U	3BT1_GU238A
1164	3BT1_A_U	3BT1_GU251A
1165	3BT1_A_U	3BT1_GU268A
1166	3BT1_A_U	3BT1_GU35A
1167	3BT1_A_U	3BT1_GU60A
1168	3BT1_A_U	3BT1_GU72A
1169	3BT1_A_U	3BT1_GU79A
1170	3BT1_A_U	3BT1_GU82A
1171	3BT1_A_U	3BT1_GU97A
1172	3BT1_A_U	3BT1_HU108A
1173	3BT1_A_U	3BT1_HU126A
1174	3BT1_A_U	3BT1_HU141A
1175	3BT1_A_U	3BT1_HU158A
1176	3BT1_A_U	3BT1_HU164A
1177	3BT1_A_U	3BT1_HU201A
1178	3BT1_A_U	3BT1_HU227A
1179	3BT1_A_U	3BT1_HU247A
1180	3BT1_A_U	3BT1_HU249A
1181	3BT1_A_U	3BT1_HU258A
1182	3BT1_A_U	3BT1_HU271A
1183	3BT1_A_U	3BT1_HU47A
1184	3BT1_A_U	3BT1_IU128A
1185	3BT1_A_U	3BT1_IU179A
1186	3BT1_A_U	3BT1_IU211A
1187	3BT1_A_U	3BT1_IU259A
1188	3BT1_A_U	3BT1_IU28A
1189	3BT1_A_U	3BT1_IU63A
1190	3BT1_A_U	3BT1_IU94A
1191	3BT1_A_U	3BT1_KU137A
1192	3BT1_A_U	3BT1_KU167A
1193	3BT1_A_U	3BT1_KU173A
1194	3BT1_A_U	3BT1_KU196A
1195	3BT1_A_U	3BT1_KU230A
1196	3BT1_A_U	3BT1_KU266A
1197	3BT1_A_U	3BT1_KU43A
1198	3BT1_A_U	3BT1_KU50A
1199	3BT1_A_U	3BT1_KU62A
1200	3BT1_A_U	3BT1_KU7A
1201	3BT1_A_U	3BT1_LU111A
1202	3BT1_A_U	3BT1_LU121A
1203	3BT1_A_U	3BT1_LU142A
1204	3BT1_A_U	3BT1_LU148A
1205	3BT1_A_U	3BT1_LU166A
1206	3BT1_A_U	3BT1_LU180A
1207	3BT1_A_U	3BT1_LU182A
1208	3BT1_A_U	3BT1_LU185A
1209	3BT1_A_U	3BT1_LU19A
1210	3BT1_A_U	3BT1_LU1A
1211	3BT1_A_U	3BT1_LU210A
1212	3BT1_A_U	3BT1_LU221A
1213	3BT1_A_U	3BT1_LU23A
1214	3BT1_A_U	3BT1_LU250A
1215	3BT1_A_U	3BT1_LU31A
1216	3BT1_A_U	3BT1_LU38A
1217	3BT1_A_U	3BT1_LU40A
1218	3BT1_A_U	3BT1_LU55A
1219	3BT1_A_U	3BT1_LU61A
1220	3BT1_A_U	3BT1_LU66A
1221	3BT1_A_U	3BT1_LU73A
1222	3BT1_A_U	3BT1_LU75A
1223	3BT1_A_U	3BT1_LU91A
1224	3BT1_A_U	3BT1_MU101A
1225	3BT1_A_U	3BT1_MU217A
1226	3BT1_A_U	3BT1_MU235A
1227	3BT1_A_U	3BT1_MU244A
1228	3BT1_A_U	3BT1_MU256A
1229	3BT1_A_U	3BT1_MU4A
1230	3BT1_A_U	3BT1_NU155A
1231	3BT1_A_U	3BT1_NU159A
1232	3BT1_A_U	3BT1_NU160Q
1233	3BT1_A_U	3BT1_NU170Q
1234	3BT1_A_U	3BT1_NU184A
1235	3BT1_A_U	3BT1_NU188A
1236	3BT1_A_U	3BT1_NU198Q
1237	3BT1_A_U	3BT1_NU218A
1238	3BT1_A_U	3BT1_NU231A
1239	3BT1_A_U	3BT1_NU257A
1240	3BT1_A_U	3BT1_NU52Q
1241	3BT1_A_U	3BT1_NU80A
1242	3BT1_A_U	3BT1_NU9A
1243	3BT1_A_U	3BT1_PU116A
1244	3BT1_A_U	3BT1_PU136A
1245	3BT1_A_U	3BT1_PU149A
1246	3BT1_A_U	3BT1_PU152A
1247	3BT1_A_U	3BT1_PU178A
1248	3BT1_A_U	3BT1_PU186A
1249	3BT1_A_U	3BT1_PU216A
1250	3BT1_A_U	3BT1_PU229A
1251	3BT1_A_U	3BT1_PU272A
1252	3BT1_A_U	3BT1_QU109A
1253	3BT1_A_U	3BT1_QU112A
1254	3BT1_A_U	3BT1_QU119A
1255	3BT1_A_U	3BT1_QU129A
1256	3BT1_A_U	3BT1_QU187A
1257	3BT1_A_U	3BT1_QU191A
1258	3BT1_A_U	3BT1_QU219A
1259	3BT1_A_U	3BT1_QU21A
1260	3BT1_A_U	3BT1_QU232A
1261	3BT1_A_U	3BT1_QU246A
1262	3BT1_A_U	3BT1_QU5A
1263	3BT1_A_U	3BT1_QU78A
1264	3BT1_A_U	3BT1_RU105A
1265	3BT1_A_U	3BT1_RU107A
1266	3BT1_A_U	3BT1_RU114A
1267	3BT1_A_U	3BT1_RU135A
1268	3BT1_A_U	3BT1_RU13A
1269	3BT1_A_U	3BT1_RU140A
1270	3BT1_A_U	3BT1_RU143A
1271	3BT1_A_U	3BT1_RU190A
1272	3BT1_A_U	3BT1_RU214A
1273	3BT1_A_U	3BT1_RU237A
1274	3BT1_A_U	3BT1_RU25A
1275	3BT1_A_U	3BT1_RU2A
1276	3BT1_A_U	3BT1_RU30A
1277	3BT1_A_U	3BT1_RU53A
1278	3BT1_A_U	3BT1_RU58A
1279	3BT1_A_U	3BT1_RU87A
1280	3BT1_A_U	3BT1_RU89A
1281	3BT1_A_U	3BT1_SU102A
1282	3BT1_A_U	3BT1_SU110A
1283	3BT1_A_U	3BT1_SU115A
1284	3BT1_A_U	3BT1_SU154A
1285	3BT1_A_U	3BT1_SU194A
1286	3BT1_A_U	3BT1_SU199A
1287	3BT1_A_U	3BT1_SU204A
1288	3BT1_A_U	3BT1_SU205A
1289	3BT1_A_U	3BT1_SU233A
1290	3BT1_A_U	3BT1_SU243A
1291	3BT1_A_U	3BT1_SU255A
1292	3BT1_A_U	3BT1_SU262A
1293	3BT1_A_U	3BT1_SU267A
1294	3BT1_A_U	3BT1_SU44A
1295	3BT1_A_U	3BT1_SU48A
1296	3BT1_A_U	3BT1_SU56A
1297	3BT1_A_U	3BT1_SU65A
1298	3BT1_A_U	3BT1_SU81A
1299	3BT1_A_U	3BT1_SU86A
1300	3BT1_A_U	3BT1_SU88A
1301	3BT1_A_U	3BT1_SU95A
1302	3BT1_A_U	3BT1_SU98A
1303	3BT1_A_U	3BT1_SU99A
1304	3BT1_A_U	3BT1_TU125A
1305	3BT1_A_U	3BT1_TU162A
1306	3BT1_A_U	3BT1_TU171A
1307	3BT1_A_U	3BT1_TU172A
1308	3BT1_A_U	3BT1_TU200A
1309	3BT1_A_U	3BT1_TU208A
1310	3BT1_A_U	3BT1_TU224A
1311	3BT1_A_U	3BT1_TU226A
1312	3BT1_A_U	3BT1_TU241A
1313	3BT1_A_U	3BT1_TU265A
1314	3BT1_A_U	3BT1_TU26A
1315	3BT1_A_U	3BT1_TU27A
1316	3BT1_A_U	3BT1_TU46A
1317	3BT1_A_U	3BT1_TU51A
1318	3BT1_A_U	3BT1_TU54A
1319	3BT1_A_U	3BT1_TU59A
1320	3BT1_A_U	3BT1_TU64A
1321	3BT1_A_U	3BT1_TU67A
1322	3BT1_A_U	3BT1_TU84A
1323	3BT1_A_U	3BT1_TU8A
1324	3BT1_A_U	3BT1_VU123A
1325	3BT1_A_U	3BT1_VU124A
1326	3BT1_A_U	3BT1_VU14A
1327	3BT1_A_U	3BT1_VU222A
1328	3BT1_A_U	3BT1_VU236A
1329	3BT1_A_U	3BT1_VU261A
1330	3BT1_A_U	3BT1_VU29A
1331	3BT1_A_U	3BT1_VU41A
1332	3BT1_A_U	3BT1_VU69A
1333	3BT1_A_U	3BT1_VU70A
1334	3BT1_A_U	3BT1_VU83A
1335	3BT1_A_U	3BT1_WT
1336	3BT1_A_U	3BT1_WU127A
1337	3BT1_A_U	3BT1_WU32A
1338	3BT1_A_U	3BT1_YU147A
1339	3BT1_A_U	3BT1_YU193A
1340	3BT1_A_U	3BT1_YU234A
1341	3BT1_A_U	3BT1_YU57A
1342	3BT1_A_U	3BT1_YU85A
1343	3BT1_A_U	3BT1_YU90A
1344	3HFM_HL_Y	3HFM_DH32A
1345	3HFM_HL_Y	3HFM_DH32A__KY97A
1346	3HFM_HL_Y	3HFM_DH32A__KY97M
1347	3HFM_HL_Y	3HFM_DH32N
1348	3HFM_HL_Y	3HFM_DH32N__KY97A
1349	3HFM_HL_Y	3HFM_DH32N__KY97M
1350	3HFM_HL_Y	3HFM_DY101A
1351	3HFM_HL_Y	3HFM_DY101E
1352	3HFM_HL_Y	3HFM_DY101F
1353	3HFM_HL_Y	3HFM_DY101G
1354	3HFM_HL_Y	3HFM_DY101K
1355	3HFM_HL_Y	3HFM_DY101N
1356	3HFM_HL_Y	3HFM_DY101Q
1357	3HFM_HL_Y	3HFM_DY101R
1358	3HFM_HL_Y	3HFM_DY101S
1359	3HFM_HL_Y	3HFM_GY102V
1360	3HFM_HL_Y	3HFM_HY15A
1361	3HFM_HL_Y	3HFM_IY98A
1362	3HFM_HL_Y	3HFM_KY96A
1363	3HFM_HL_Y	3HFM_KY96M
1364	3HFM_HL_Y	3HFM_KY96R
1365	3HFM_HL_Y	3HFM_KY97A
1366	3HFM_HL_Y	3HFM_KY97D
1367	3HFM_HL_Y	3HFM_KY97E
1368	3HFM_HL_Y	3HFM_KY97G
1369	3HFM_HL_Y	3HFM_KY97M
1370	3HFM_HL_Y	3HFM_KY97R
1371	3HFM_HL_Y	3HFM_LY75A
1372	3HFM_HL_Y	3HFM_NL31A
1373	3HFM_HL_Y	3HFM_NL31A__KY96A
1374	3HFM_HL_Y	3HFM_NL31D
1375	3HFM_HL_Y	3HFM_NL31E
1376	3HFM_HL_Y	3HFM_NL32A
1377	3HFM_HL_Y	3HFM_NL32A__YY20A
1378	3HFM_HL_Y	3HFM_NY19D
1379	3HFM_HL_Y	3HFM_NY19K
1380	3HFM_HL_Y	3HFM_NY19Q
1381	3HFM_HL_Y	3HFM_NY93A
1382	3HFM_HL_Y	3HFM_QL53A
1383	3HFM_HL_Y	3HFM_RY21A
1384	3HFM_HL_Y	3HFM_RY21E
1385	3HFM_HL_Y	3HFM_RY21G
1386	3HFM_HL_Y	3HFM_RY21H
1387	3HFM_HL_Y	3HFM_RY21K
1388	3HFM_HL_Y	3HFM_RY21M
1389	3HFM_HL_Y	3HFM_RY21N
1390	3HFM_HL_Y	3HFM_RY21Q
1391	3HFM_HL_Y	3HFM_RY21W
1392	3HFM_HL_Y	3HFM_RY73A
1393	3HFM_HL_Y	3HFM_SH31A
1394	3HFM_HL_Y	3HFM_SY100A
1395	3HFM_HL_Y	3HFM_TY89A
1396	3HFM_HL_Y	3HFM_WH98A
1397	3HFM_HL_Y	3HFM_WH98A__KY96A
1398	3HFM_HL_Y	3HFM_WH98A__KY97A
1399	3HFM_HL_Y	3HFM_WH98A__YY20A
1400	3HFM_HL_Y	3HFM_WH98F
1401	3HFM_HL_Y	3HFM_WH98F__KY96A
1402	3HFM_HL_Y	3HFM_WH98F__KY97A
1403	3HFM_HL_Y	3HFM_WH98F__YY20A
1404	3HFM_HL_Y	3HFM_WT
1405	3HFM_HL_Y	3HFM_WY63A
1406	3HFM_HL_Y	3HFM_YH33A
1407	3HFM_HL_Y	3HFM_YH33A__KY96A
1408	3HFM_HL_Y	3HFM_YH33A__KY97A
1409	3HFM_HL_Y	3HFM_YH33A__YY20A
1410	3HFM_HL_Y	3HFM_YH33F
1411	3HFM_HL_Y	3HFM_YH33L
1412	3HFM_HL_Y	3HFM_YH33W
1413	3HFM_HL_Y	3HFM_YH50A
1414	3HFM_HL_Y	3HFM_YH50A__RY21A
1415	3HFM_HL_Y	3HFM_YH50F
1416	3HFM_HL_Y	3HFM_YH50L
1417	3HFM_HL_Y	3HFM_YH53A
1418	3HFM_HL_Y	3HFM_YH53F
1419	3HFM_HL_Y	3HFM_YH53L
1420	3HFM_HL_Y	3HFM_YH53W
1421	3HFM_HL_Y	3HFM_YH58A
1422	3HFM_HL_Y	3HFM_YH58F
1423	3HFM_HL_Y	3HFM_YH58L
1424	3HFM_HL_Y	3HFM_YL50A
1425	3HFM_HL_Y	3HFM_YL50A__KY96A
1426	3HFM_HL_Y	3HFM_YL50A__KY97A
1427	3HFM_HL_Y	3HFM_YL50A__RY21A
1428	3HFM_HL_Y	3HFM_YL50A__YY20A
1429	3HFM_HL_Y	3HFM_YL50F
1430	3HFM_HL_Y	3HFM_YL50F__KY96A
1431	3HFM_HL_Y	3HFM_YL50F__KY97A
1432	3HFM_HL_Y	3HFM_YL50F__RY21A
1433	3HFM_HL_Y	3HFM_YL50F__YY20A
1434	3HFM_HL_Y	3HFM_YL50L
1435	3HFM_HL_Y	3HFM_YL96A
1436	3HFM_HL_Y	3HFM_YL96A__RY21A
1437	3HFM_HL_Y	3HFM_YL96F
1438	3HFM_HL_Y	3HFM_YL96F__RY21A
1439	3HFM_HL_Y	3HFM_YY20A
1440	3HFM_HL_Y	3HFM_YY20F
1441	3HFM_HL_Y	3HFM_YY20L
1442	3S9D_A_B	3S9D_AA116G
1443	3S9D_A_B	3S9D_AA116G__EB66A
1444	3S9D_A_B	3S9D_AA116G__IB34A
1445	3S9D_A_B	3S9D_AA116G__MB35V
1446	3S9D_A_B	3S9D_AA116G__TB33A
1447	3S9D_A_B	3S9D_AA116M
1448	3S9D_A_B	3S9D_AA12W
1449	3S9D_A_B	3S9D_AA43H__AA44E__AA47Q
1450	3S9D_A_B	3S9D_AA43Y__AA44N__AA47S
1451	3S9D_A_B	3S9D_AB67M
1452	3S9D_A_B	3S9D_DA25A
1453	3S9D_A_B	3S9D_DA28A
1454	3S9D_A_B	3S9D_DB121R
1455	3S9D_A_B	3S9D_DB40A
1456	3S9D_A_B	3S9D_DB91A
1457	3S9D_A_B	3S9D_EA103A
1458	3S9D_A_B	3S9D_EA34A
1459	3S9D_A_B	3S9D_EA82A
1460	3S9D_A_B	3S9D_EB17R
1461	3S9D_A_B	3S9D_EB39A
1462	3S9D_A_B	3S9D_EB39R
1463	3S9D_A_B	3S9D_EB66A
1464	3S9D_A_B	3S9D_FA20A
1465	3S9D_A_B	3S9D_FA20A__DB91A
1466	3S9D_A_B	3S9D_FA20A__IB90A
1467	3S9D_A_B	3S9D_FA20A__TB33A
1468	3S9D_A_B	3S9D_FA50A
1469	3S9D_A_B	3S9D_HA27A
1470	3S9D_A_B	3S9D_HB166A
1471	3S9D_A_B	3S9D_HB65A
1472	3S9D_A_B	3S9D_HB84A
1473	3S9D_A_B	3S9D_IA17A
1474	3S9D_A_B	3S9D_IB34A
1475	3S9D_A_B	3S9D_IB90A
1476	3S9D_A_B	3S9D_KA102A
1477	3S9D_A_B	3S9D_KA104A
1478	3S9D_A_B	3S9D_KA105A
1479	3S9D_A_B	3S9D_KA24A
1480	3S9D_A_B	3S9D_KA56A
1481	3S9D_A_B	3S9D_KA69A
1482	3S9D_A_B	3S9D_KA92A
1483	3S9D_A_B	3S9D_KB37A
1484	3S9D_A_B	3S9D_KB42A
1485	3S9D_A_B	3S9D_LA124A
1486	3S9D_A_B	3S9D_LA124A__DB91A
1487	3S9D_A_B	3S9D_LA124A__EB66A
1488	3S9D_A_B	3S9D_LA124A__HB65A
1489	3S9D_A_B	3S9D_LA124A__IB34A
1490	3S9D_A_B	3S9D_LA124A__IB90A
1491	3S9D_A_B	3S9D_LA124A__MB35V
1492	3S9D_A_B	3S9D_LA124A__TB33A
1493	3S9D_A_B	3S9D_LA124A__WB87A
1494	3S9D_A_B	3S9D_LA19A
1495	3S9D_A_B	3S9D_LA19A__DB91A
1496	3S9D_A_B	3S9D_LA19A__HB65A
1497	3S9D_A_B	3S9D_LA19A__IB90A
1498	3S9D_A_B	3S9D_LA19A__MB35V
1499	3S9D_A_B	3S9D_LA19A__TB33A
1500	3S9D_A_B	3S9D_LA23A
1501	3S9D_A_B	3S9D_LA23A__EB66A
1502	3S9D_A_B	3S9D_LA23A__IB90A
1503	3S9D_A_B	3S9D_LA23A__MB35V
1504	3S9D_A_B	3S9D_LA23A__TB33A
1505	3S9D_A_B	3S9D_LA23V
1506	3S9D_A_B	3S9D_LA66A
1507	3S9D_A_B	3S9D_LA8A
1508	3S9D_A_B	3S9D_LA8A__EB66A
1509	3S9D_A_B	3S9D_LA8A__HB65A
1510	3S9D_A_B	3S9D_LA8A__IB90A
1511	3S9D_A_B	3S9D_LA8A__MB35V
1512	3S9D_A_B	3S9D_LA8A__TB33A
1513	3S9D_A_B	3S9D_LA8A__WB87A
1514	3S9D_A_B	3S9D_LA99A
1515	3S9D_A_B	3S9D_MA119A
1516	3S9D_A_B	3S9D_MA119A__EB66A
1517	3S9D_A_B	3S9D_MA119A__IB34A
1518	3S9D_A_B	3S9D_MA119A__IB90A
1519	3S9D_A_B	3S9D_MA119A__MB35V
1520	3S9D_A_B	3S9D_MA119A__TB33A
1521	3S9D_A_B	3S9D_MA119A__WB87A
1522	3S9D_A_B	3S9D_MA9A
1523	3S9D_A_B	3S9D_MB35A
1524	3S9D_A_B	3S9D_MB35V
1525	3S9D_A_B	3S9D_NA127A
1526	3S9D_A_B	3S9D_NA51A
1527	3S9D_A_B	3S9D_NA79A
1528	3S9D_A_B	3S9D_NB85A
1529	3S9D_A_B	3S9D_QA33A
1530	3S9D_A_B	3S9D_QA48A
1531	3S9D_A_B	3S9D_QA76A
1532	3S9D_A_B	3S9D_RA115A
1533	3S9D_A_B	3S9D_RA115A__DB91A
1534	3S9D_A_B	3S9D_RA115A__EB66A
1535	3S9D_A_B	3S9D_RA115A__IB34A
1536	3S9D_A_B	3S9D_RA115A__IB90A
1537	3S9D_A_B	3S9D_RA115A__MB35V
1538	3S9D_A_B	3S9D_RA115A__TB33A
1539	3S9D_A_B	3S9D_RA120A
1540	3S9D_A_B	3S9D_RA120A__EB66A
1541	3S9D_A_B	3S9D_RA120A__HB65A
1542	3S9D_A_B	3S9D_RA120A__IB34A
1543	3S9D_A_B	3S9D_RA120A__IB90A
1544	3S9D_A_B	3S9D_RA120A__MB35V
1545	3S9D_A_B	3S9D_RA120A__TB33A
1546	3S9D_A_B	3S9D_RA15A
1547	3S9D_A_B	3S9D_RA16A
1548	3S9D_A_B	3S9D_RA26A
1549	3S9D_A_B	3S9D_RA26K
1550	3S9D_A_B	3S9D_RA26Q
1551	3S9D_A_B	3S9D_RA5A
1552	3S9D_A_B	3S9D_RA5A__HB65A
1553	3S9D_A_B	3S9D_RA5A__WB87A
1554	3S9D_A_B	3S9D_RA91K
1555	3S9D_A_B	3S9D_RA96A
1556	3S9D_A_B	3S9D_RB62A
1557	3S9D_A_B	3S9D_SA123A
1558	3S9D_A_B	3S9D_SA123A__DB91A
1559	3S9D_A_B	3S9D_SA123A__EB66A
1560	3S9D_A_B	3S9D_SA123A__HB65A
1561	3S9D_A_B	3S9D_SA123A__IB34A
1562	3S9D_A_B	3S9D_SA123A__IB90A
1563	3S9D_A_B	3S9D_SA123A__MB35V
1564	3S9D_A_B	3S9D_SA123A__TB33A
1565	3S9D_A_B	3S9D_SA123A__WB87A
1566	3S9D_A_B	3S9D_SA18A
1567	3S9D_A_B	3S9D_SA21A
1568	3S9D_A_B	3S9D_SA54A
1569	3S9D_A_B	3S9D_SA59A
1570	3S9D_A_B	3S9D_SB36A
1571	3S9D_A_B	3S9D_SB63A
1572	3S9D_A_B	3S9D_TA55A
1573	3S9D_A_B	3S9D_TA65A
1574	3S9D_A_B	3S9D_TA72A
1575	3S9D_A_B	3S9D_TB33A
1576	3S9D_A_B	3S9D_TB64A
1577	3S9D_A_B	3S9D_VB69A
1578	3S9D_A_B	3S9D_WB61F
1579	3S9D_A_B	3S9D_WB87A
1580	3S9D_A_B	3S9D_WT
1581	3S9D_A_B	3S9D_YA71A
1582	3S9D_A_B	3S9D_YA75A
1583	3S9D_A_B	3S9D_YB32A
1584	3SE3_B_A	3SE3_DA117A
1585	3SE3_B_A	3SE3_EA96A
1586	3SE3_B_A	3SE3_FA223A
1587	3SE3_B_A	3SE3_FA273A
1588	3SE3_B_A	3SE3_FA81A
1589	3SE3_B_A	3SE3_KA98A
1590	3SE3_B_A	3SE3_LA116A
1591	3SE3_B_A	3SE3_NA140T
1592	3SE3_B_A	3SE3_NA227A
1593	3SE3_B_A	3SE3_NA230A
1594	3SE3_B_A	3SE3_NA53A
1595	3SE3_B_A	3SE3_RA226A
1596	3SE3_B_A	3SE3_SA120A
1597	3SE3_B_A	3SE3_SA167A
1598	3SE3_B_A	3SE3_TA166A
1599	3SE3_B_A	3SE3_WT
1600	3SE3_B_A	3SE3_YA148A
1601	3SE3_B_A	3SE3_YA55A
1602	3SE3_B_A	3SE3_YB43A__NB44A__SB47A
1603	3SE3_B_A	3SE3_YB43A__NB44E__SB47Q
1604	3SE3_B_A	3SE3_YB43H__NB44A__SB47Q
1605	3SE3_B_A	3SE3_YB43H__NB44E__SB47A
1606	3SE3_B_A	3SE3_YB43H__NB44E__SB47Q
1607	3SE3_B_A	3SE3_YB43H__NB44E__SB47Q__DB57A
1608	3SE3_B_A	3SE3_YB43H__NB44E__SB47Q__EB82A
1609	3SE3_B_A	3SE3_YB43H__NB44E__SB47Q__FB50A
1610	3SE3_B_A	3SE3_YB43H__NB44E__SB47Q__IB88A
1611	3SE3_B_A	3SE3_YB43H__NB44E__SB47Q__KB103A
1612	3SE3_B_A	3SE3_YB43H__NB44E__SB47Q__KB56A
1613	3SE3_B_A	3SE3_YB43H__NB44E__SB47Q__KB69A
1614	3SE3_B_A	3SE3_YB43H__NB44E__SB47Q__KB93A
1615	3SE3_B_A	3SE3_YB43H__NB44E__SB47Q__LB66A
1616	3SE3_B_A	3SE3_YB43H__NB44E__SB47Q__LB89A
1617	3SE3_B_A	3SE3_YB43H__NB44E__SB47Q__NB51A
1618	3SE3_B_A	3SE3_YB43H__NB44E__SB47Q__NB79A
1619	3SE3_B_A	3SE3_YB43H__NB44E__SB47Q__QB48A
1620	3SE3_B_A	3SE3_YB43H__NB44E__SB47Q__QB76A
1621	3SE3_B_A	3SE3_YB43H__NB44E__SB47Q__RB92A
1622	3SE3_B_A	3SE3_YB43H__NB44E__SB47Q__RB92K
1623	3SE3_B_A	3SE3_YB43H__NB44E__SB47Q__SB54A
1624	3SE3_B_A	3SE3_YB43H__NB44E__SB47Q__SB59A
1625	3SE3_B_A	3SE3_YB43H__NB44E__SB47Q__TB55A
1626	3SE3_B_A	3SE3_YB43H__NB44E__SB47Q__TB65A
1627	3SE3_B_A	3SE3_YB43H__NB44E__SB47Q__TB72A
1628	3SE3_B_A	3SE3_YB43H__NB44E__SB47Q__VB85A
1629	3SE3_B_A	3SE3_YB43H__NB44E__SB47Q__YB71A
1630	3SE3_B_A	3SE3_YB43H__NB44E__SB47Q__YB75A
1631	3SE3_B_A	3SE3_YB43M__NB44D__SB47L
1632	4G0N_A_B	4G0N_AB32K
1633	4G0N_A_B	4G0N_DA33A
1634	4G0N_A_B	4G0N_DA33A__KB31A
1635	4G0N_A_B	4G0N_DA33A__RB6A
1636	4G0N_A_B	4G0N_DA38A
1637	4G0N_A_B	4G0N_DA38A__RB6A
1638	4G0N_A_B	4G0N_DA38A__TB15A
1639	4G0N_A_B	4G0N_EA31A
1640	4G0N_A_B	4G0N_EA31A__KB31A
1641	4G0N_A_B	4G0N_EA31A__RB6A
1642	4G0N_A_B	4G0N_EA31A__TB15A
1643	4G0N_A_B	4G0N_EA37A
1644	4G0N_A_B	4G0N_EA37A__KB31A
1645	4G0N_A_B	4G0N_EA37A__RB6A
1646	4G0N_A_B	4G0N_EA37A__TB15A
1647	4G0N_A_B	4G0N_EA37A__VB16A
1648	4G0N_A_B	4G0N_FB8W
1649	4G0N_A_B	4G0N_FB8W__NB18R
1650	4G0N_A_B	4G0N_FB8W__NB18R__VB35I
1651	4G0N_A_B	4G0N_FB8W__RB14L__NB18R__VB35I
1652	4G0N_A_B	4G0N_FB8W__RB14L__VB16E__NB18R__KB31R__VB35I
1653	4G0N_A_B	4G0N_FB8W__VB16E__NB18R__VB35I
1654	4G0N_A_B	4G0N_HA27A
1655	4G0N_A_B	4G0N_HA27A__VB35A
1656	4G0N_A_B	4G0N_IA21A
1657	4G0N_A_B	4G0N_IA21A__TB15A
1658	4G0N_A_B	4G0N_IA21A__VB16A
1659	4G0N_A_B	4G0N_IA21A__VB35A
1660	4G0N_A_B	4G0N_IA36A
1661	4G0N_A_B	4G0N_IA36A__RB6A
1662	4G0N_A_B	4G0N_IA36A__TB15A
1663	4G0N_A_B	4G0N_IA36A__VB16A
1664	4G0N_A_B	4G0N_KB12A
1665	4G0N_A_B	4G0N_KB12E
1666	4G0N_A_B	4G0N_KB12M
1667	4G0N_A_B	4G0N_KB31A
1668	4G0N_A_B	4G0N_KB31A__RB36G
1669	4G0N_A_B	4G0N_KB31E
1670	4G0N_A_B	4G0N_NB11A
1671	4G0N_A_B	4G0N_NB11D
1672	4G0N_A_B	4G0N_NB18R
1673	4G0N_A_B	4G0N_NB18R__AB32K
1674	4G0N_A_B	4G0N_QB13A
1675	4G0N_A_B	4G0N_RA41A
1676	4G0N_A_B	4G0N_RA41A__NB11A
1677	4G0N_A_B	4G0N_RA41A__QB13A
1678	4G0N_A_B	4G0N_RB14A
1679	4G0N_A_B	4G0N_RB36L
1680	4G0N_A_B	4G0N_RB6A
1681	4G0N_A_B	4G0N_RB6A__NB11D
1682	4G0N_A_B	4G0N_SA39A
1683	4G0N_A_B	4G0N_SA39A__QB13A
1684	4G0N_A_B	4G0N_SA39A__RB14A
1685	4G0N_A_B	4G0N_SA39A__TB15A
1686	4G0N_A_B	4G0N_TA35A
1687	4G0N_A_B	4G0N_TA35A__AB32K
1688	4G0N_A_B	4G0N_TA35A__NB18R
1689	4G0N_A_B	4G0N_TA35A__NB18R__AB32K
1690	4G0N_A_B	4G0N_TA35S
1691	4G0N_A_B	4G0N_TB15A
1692	4G0N_A_B	4G0N_VA45A
1693	4G0N_A_B	4G0N_VA45A__NB11A
1694	4G0N_A_B	4G0N_VA45A__QB13A
1695	4G0N_A_B	4G0N_VA45A__RB14A
1696	4G0N_A_B	4G0N_VA45A__TB15A
1697	4G0N_A_B	4G0N_VB16A
1698	4G0N_A_B	4G0N_VB35A
1699	4G0N_A_B	4G0N_VB35I
1700	4G0N_A_B	4G0N_WT
1701	4G0N_A_B	4G0N_YA32C__CA116S
1702	4G0N_A_B	4G0N_YA32C__CA116S__AB32K
1703	4G0N_A_B	4G0N_YA32C__CA116S__NB18R
1704	4G0N_A_B	4G0N_YA32C__CA116S__NB18R__AB32K
